DataId,时间,分类,类型,金额,币种,账户1,账户2,备注,已报销,手续费,优惠券,记账者,账单标记,账单图片
qj165659401584418058,2022/6/30 21:00,聚会,支出,42,CNY,,,披萨,,,,,null,
qj165658025951419295,2022/6/30 17:10,住房,支出,1000,CNY,,,租房,,,,,null,
qj165657373122911152,2022/6/30 15:22,地铁,支出,7,CNY,,,龙胜,,,,,null,
qj165657372370911775,2022/6/30 15:21,地铁,支出,7,CNY,,,前海,,,,,null,
qj165650981563912358,2022/6/29 21:36,购物,支出,28,CNY,,,朴朴,,,,,null,
qj165650792024813422,2022/6/29 21:05,外卖,支出,16,CNY,,,拌饭,,,,,null,
qj165648478466710483,2022/6/29 14:39,话费网费,支出,100,CNY,,,话费,,,,,null,
qj165648448191214133,2022/6/29 14:34,外卖,支出,18,CNY,,,披萨,,,,,null,
qj165646726483917924,2022/6/29 9:47,三餐,支出,15,CNY,,,冒菜,,,,,null,
qj165640343497318109,2022/6/28 16:03,外卖,支出,10,CNY,,,米线,,,,,null,
qj165637996539616841,2022/6/28 9:32,外卖,支出,16,CNY,,,肠粉,,,,,null,
qj165625367663017248,2022/6/26 22:27,外卖,支出,16,CNY,,,汉堡,,,,,null,
qj165625366265716243,2022/6/26 22:27,付费会员,支出,14,CNY,,,美团红包,,,,,null,
qj165614951448410741,2022/6/25 17:31,外卖,支出,20,CNY,,,闷饭,,,,,null,
qj165607363910411214,2022/6/24 20:27,外卖,支出,12,CNY,,,炒饭,,,,,null,
qj165605314761917797,2022/6/24 14:45,水果,支出,4,CNY,,,龙胜,,,,,null,
qj165605311237415854,2022/6/24 14:44,电器数码,支出,4,CNY,,,上梅林,,,,,null,
qj165604431512411054,2022/6/24 12:18,付费会员,支出,7,CNY,,,qq音乐,,,,,null,
qj165604203916010542,2022/6/24 11:40,购物,支出,26,CNY,,,朴朴,,,,,null,
qj165597796213111891,2022/6/23 17:52,外卖,支出,21,CNY,,,猪扒饭,,,,,null,
qj165596981687214387,2022/6/23 15:36,地铁,支出,7,CNY,,,龙胜,,,,,null,
qj165596149423611555,2022/6/23 13:17,午餐,支出,33,CNY,,,陕西面馆,,,,,null,
qj165596147117416079,2022/6/23 13:17,地铁,支出,7,CNY,,,南山科技园,,,,,null,
qj165588547556013690,2022/6/22 16:11,办公用品,支出,9,CNY,,,简历,,,,,null,
qj165588546690416809,2022/6/22 16:10,理发,支出,36,CNY,,,,,,,,null,
qj165581602997312453,2022/6/21 20:53,购物,支出,30,CNY,,,朴朴,,,,,null,
qj165580354092715641,2022/6/21 17:25,午餐,支出,11,CNY,,,素食自助餐,,,,,null,
qj165579765562815328,2022/6/21 15:47,地铁,支出,2,CNY,,,龙胜,,,,,null,
qj165579311635615786,2022/6/21 14:31,自行车,支出,1.5,CNY,,,共享,,,,,null,
qj165578016257211069,2022/6/21 10:55,外卖,支出,20,CNY,,,米线,,,,,null,
qj165571551419511232,2022/6/20 16:58,自行车,支出,1.5,CNY,,,共享,,,,,null,
qj165570601887016410,2022/6/20 14:20,外卖,支出,15,CNY,,,胡辣汤,,,,,null,
qj165570165452511015,2022/6/20 13:07,购物,支出,67,CNY,,,朴朴,,,,,null,
qj165569694244014261,2022/6/20 11:48,地铁,支出,4,CNY,,,羊台山,,,,,null,
qj165564175416613031,2022/6/19 20:28,地铁,支出,5,CNY,,,龙胜,,,,,null,
qj165563955604413900,2022/6/19 19:52,聚会,支出,128,CNY,,,请杰吃饭,,,,,null,
qj165563175227019454,2022/6/19 17:42,地铁,支出,5,CNY,,,景田,,,,,null,
qj165556331307613891,2022/6/18 22:41,地铁,支出,4,CNY,,,龙胜,,,,,null,
qj165556330445319228,2022/6/18 22:41,地铁,支出,4,CNY,,,坂田,,,,,null,
qj165555978964219176,2022/6/18 21:42,自行车,支出,1.5,CNY,,,共享,,,,,null,
qj165555549495919114,2022/6/18 20:31,晚餐,支出,35,CNY,,,油泼面,,,,,null,
qj165552252033912204,2022/6/18 11:21,购物,支出,28,CNY,,,朴朴,,,,,null,
qj165551772444814086,2022/6/18 10:01,外卖,支出,18,CNY,,,米线,,,,,null,
qj165544347023815791,2022/6/17 13:24,购物,支出,92,CNY,,,漱口水,,,,,null,
qj165544260484510130,2022/6/17 13:09,午餐,支出,15,CNY,,,汉堡,,,,,null,
qj165538036545718540,2022/6/16 19:52,晚餐,支出,12,CNY,,,拌面,,,,,null,
qj165535871789911923,2022/6/16 13:51,外卖,支出,17,CNY,,,猪扒饭,,,,,null,
qj165528498818311973,2022/6/15 17:23,购物,支出,35,CNY,,,朴朴,,,,,null,
qj165528315241011105,2022/6/15 16:52,外卖,支出,19,CNY,,,炸鸡,,,,,null,
qj165525701369718724,2022/6/15 9:36,付费会员,支出,10,CNY,,,饿了么红包,,,,,null,
qj165525699984213441,2022/6/15 9:36,早餐,支出,14,CNY,,,糯米鸡,,,,,null,
qj165519777955119584,2022/6/14 17:09,外卖,支出,20,CNY,,,烤肉饭,,,,,null,
qj165517340233218727,2022/6/14 10:23,早餐,支出,34,CNY,,,沙县,,,,,null,
qj165512404167510777,2022/6/13 20:39,地铁,支出,10,CNY,,,龙胜，景田,,,,,null,
qj165508930882012025,2022/6/13 11:01,午餐,支出,17,CNY,,,煲仔饭,,,,,null,
qj165503757591018155,2022/6/12 20:39,聚会,支出,63,CNY,,,请友恰饭,,,,,null,
qj165503749339616767,2022/6/12 20:38,地铁,支出,2,CNY,,,龙胜,,,,,null,
qj165502595178112664,2022/6/12 17:25,地铁,支出,2,CNY,,,龙华,,,,,null,
qj165502528977019212,2022/6/12 17:14,交通,支出,3,CNY,,,龙胜,,,,,null,
qj165499908620010330,2022/6/12 9:57,地铁,支出,8,CNY,,,庆盛,,,,,null,
qj165499235277114281,2022/6/12 8:05,早餐,支出,3,CNY,,,包子,,,,,null,
qj165494452167119294,2022/6/11 18:48,晚餐,支出,10,CNY,,,煎饼果子,,,,,null,
qj165494451321617026,2022/6/11 18:48,地铁,支出,8,CNY,,,车陂,,,,,null,
qj165491477761514007,2022/6/11 10:32,医疗,支出,16,CNY,,,核酸,,,,,null,
qj165491476531414939,2022/6/11 10:32,早餐,支出,12,CNY,,,汤粉,,,,,null,
qj165486503343916349,2022/6/10 20:43,聚会,支出,325,CNY,,,请潇恰饭,,,,,null,
qj165484344853012186,2022/6/10 14:43,交通,支出,50,CNY,,,深圳,,,,,null,
qj165483516902315234,2022/6/10 12:26,午餐,支出,24,CNY,,,自选,,,,,null,
qj165477993704310731,2022/6/9 21:05,外卖,支出,25,CNY,,,汉堡,,,,,null,
qj165474860081712239,2022/6/9 12:23,午餐,支出,21,CNY,,,肠粉,,,,,null,
qj165474760329618665,2022/6/9 12:06,午餐,支出,26,CNY,,,烧腊,,,,,null,
qj165457603166319537,2022/6/7 12:27,午餐,支出,24,CNY,,,自选,,,,,null,
qj165451885428211577,2022/6/6 20:34,住房,支出,1500,CNY,,,,,,,,null,
qj165451884164615555,2022/6/6 20:33,水电煤,支出,130,CNY,,,,,,,,null,
qj165451042151615496,2022/6/6 18:13,晚餐,支出,24,CNY,,,麦当劳,,,,,null,
qj165448887571619696,2022/6/6 12:14,午餐,支出,20,CNY,,,滑鸡蒸饭,,,,,null,
qj165442675842512634,2022/6/5 18:59,购物,支出,70,CNY,,,朴朴,,,,,null,
qj165435287099111628,2022/6/4 22:27,地铁,支出,2,CNY,,,,,,,,null,
qj165434445931616366,2022/6/4 20:07,地铁,支出,5,CNY,,,,,,,,null,
qj165432515208018013,2022/6/4 14:45,外卖,支出,19,CNY,,,蒸面,,,,,null,
qj165431859079518636,2022/6/4 12:56,早餐,支出,15,CNY,,,@条,,,,,null,
qj165431045787616298,2022/6/4 10:40,自行车,支出,3,CNY,,,共享,,,,,null,
qj165427233878910692,2022/6/4 0:04,交通,支出,45,CNY,,,大巴,,,,,null,
qj165426358355315027,2022/6/3 21:39,聚会,支出,117,CNY,,,星巴克,,,,,null,
qj165425233984216309,2022/6/3 18:32,日用品,支出,76,CNY,,,,,,,,null,
qj165423013641014903,2022/6/3 12:21,外卖,支出,16,CNY,,,闷肉饭,,,,,null,
qj165419011876811423,2022/6/3 1:15,聚会,支出,100,CNY,,,,,,,,null,
qj165415212974412387,2022/6/2 14:41,医疗,支出,16,CNY,,,核酸,,,,,null,
qj165414249926618354,2022/6/2 12:01,午餐,支出,15,CNY,,,苦瓜饭,,,,,null,
qj165409104231918579,2022/6/1 21:43,住房,支出,2000,CNY,,,房租，押金,,,,,null,
qj165405655862715728,2022/6/1 12:09,午餐,支出,20,CNY,,,肉卷饭,,,,,null,
qj165397152014812520,2022/5/31 12:31,午餐,支出,24,CNY,,,自选,,,,,null,
qj165391245444712950,2022/5/30 20:07,交通,支出,45,CNY,,,大巴,,,,,null,
qj165390382358310695,2022/5/30 17:43,电器数码,支出,132,CNY,,,耳机,,,,,null,
qj165388403968510804,2022/5/30 12:13,午餐,支出,20,CNY,,,牛肉盖饭,,,,,null,
qj165382382894710604,2022/5/29 19:30,购物,支出,73,CNY,,,朴朴,,,,,null,
qj165382279591810639,2022/5/29 19:13,日用品,支出,18,CNY,,,桶装水,,,,,null,
qj165364205895616724,2022/5/27 17:00,零食,支出,8.8,CNY,,,鸡排,,,,,null,
qj165362489044119511,2022/5/27 12:14,午餐,支出,19.5,CNY,,,鸡肉卷,,,,,null,
qj165353859602413650,2022/5/26 12:15,午餐,支出,25,CNY,,,笋干饭,,,,,null,
qj165345317592510090,2022/5/25 12:32,午餐,支出,26,CNY,,,猪耳饭,,,,,null,
qj165340197624418218,2022/5/24 22:19,三餐,支出,372,CNY,,,烫头发,,,,,null,
qj165338739475819300,2022/5/24 18:16,晚餐,支出,19,CNY,,,鸡排饭,,,,,null,
qj165336703516913787,2022/5/24 12:37,付费会员,支出,7,CNY,,,qq会员,,,,,null,
qj165336601438613500,2022/5/24 12:19,午餐,支出,26,CNY,,,肉卷饭,,,,,null,
qj165327914368818305,2022/5/23 12:12,午餐,支出,22,CNY,,,卤肉饭,,,,,null,
qj165322399786019800,2022/5/22 20:53,购物,支出,25,CNY,,,鼻贴,,,,,null,
qj165321358350711984,2022/5/22 17:59,购物,支出,73,CNY,,,朴朴,,,,,null,
qj165320270863410288,2022/5/22 14:58,日用品,支出,13,CNY,,,桶装水,,,,,null,
qj165312378127318977,2022/5/21 17:02,外卖,支出,5,CNY,,,滑蛋饭,,,,,null,
qj165302008335716422,2022/5/20 12:14,午餐,支出,24,CNY,,,鸡腿饭,,,,,null,
qj165301665186919891,2022/5/19 19:48,午餐,支出,15,CNY,,,四季豆肉沫,,,,,null,
qj165296094164716863,2022/5/19 19:48,晚餐,支出,7,CNY,,,卷粉,,,,,null,
qj165284733141019498,2022/5/18 12:15,午餐,支出,19,CNY,,,窝粉,,,,,null,
qj165278804572010874,2022/5/17 19:47,购物,支出,15,CNY,,,无线网卡,,,,,null,
qj165276207597313218,2022/5/17 12:34,午餐,支出,15,CNY,,,自选,,,,,null,
qj165267465233115431,2022/5/16 12:17,午餐,支出,20,CNY,,,猪扒饭,,,,,null,
qj165261416365516634,2022/5/15 19:29,外卖,支出,4,CNY,,,炸鸡,,,,,null,
qj165260961427716569,2022/5/15 18:13,购物,支出,71,CNY,,,朴朴,,,,,null,
qj165258215483311044,2022/5/15 10:35,日用品,支出,13,CNY,,,桶装水,,,,,null,
qj165251556744418229,2022/5/14 16:05,购物,支出,148,CNY,,,洗面奶,,,,,null,
qj165244057704215852,2022/5/13 19:16,付费会员,支出,238,CNY,,,腾讯视频年费,,,,,null,
qj165241602762714620,2022/5/13 12:26,午餐,支出,18,CNY,,,自选,,,,,null,
qj165235337723511894,2022/5/12 19:02,地铁,支出,100,CNY,,,羊城通,,,,,null,
qj165232894690715493,2022/5/12 12:15,午餐,支出,20,CNY,,,炒河粉,,,,,null,
qj165226767544519411,2022/5/11 19:14,三餐,支出,86,CNY,,,朴朴,,,,,null,
qj165224250982613480,2022/5/11 12:15,午餐,支出,22,CNY,,,蒸饭,,,,,null,
qj165215573291516621,2022/5/10 12:08,午餐,支出,13,CNY,,,麦当劳,,,,,null,
qj165214228009316470,2022/5/10 8:24,早餐,支出,5,CNY,,,烧麦,,,,,null,
qj165206993511614922,2022/5/9 12:18,三餐,支出,20,CNY,,,猪肉汤饭,,,,,null,
qj165189694830717518,2022/5/7 12:15,午餐,支出,15,CNY,,,炸面肠粉,,,,,null,
qj165184686123316357,2022/5/6 22:20,水电煤,支出,111,CNY,,,,,,,,null,
qj165184685359718957,2022/5/6 22:20,住房,支出,1500,CNY,,,房租,,,,,null,
qj165183522152318715,2022/5/6 19:06,日用品,支出,13,CNY,,,桶装水,,,,,null,
qj165181104457914235,2022/5/6 12:23,午餐,支出,24,CNY,,,自选,,,,,null,
qj165175174338314661,2022/5/5 19:55,购物,支出,105,CNY,,,朴朴,,,,,null,
qj165173133123519942,2022/5/5 14:15,午餐,支出,18,CNY,,,自选,,,,,null,
qj165164880161014798,2022/5/4 15:19,零食,支出,11,CNY,,,鸡排,,,,,null,
qj165156902086314509,2022/5/3 17:10,医疗,支出,28,CNY,,,核酸,,,,,null,
qj165146968192119685,2022/5/2 13:34,购物,支出,9,CNY,,,洋葱，啤酒,,,,,null,
qj165131204545011360,2022/4/30 17:47,地铁,支出,5,CNY,,,小河,,,,,null,
qj165129985415611708,2022/4/30 14:24,话费网费,支出,100,CNY,,,,,,,,null,
qj165128431214217905,2022/4/30 10:04,交通,支出,323,CNY,,,高铁,,,,,null,
qj165123258203915070,2022/4/29 19:42,外卖,支出,28,CNY,,,披萨,,,,,null,
qj165120712855717505,2022/4/29 12:22,午餐,支出,22,CNY,,,宫保鸡丁盖浇饭,,,,,null,
qj165115390278218948,2022/4/28 21:51,早餐,支出,5,CNY,,,糯米鸡,,,,,null,
qj165114485533816353,2022/4/28 19:20,晚餐,支出,28,CNY,,,麦当劳,,,,,null,
qj165112046186113924,2022/4/28 12:33,午餐,支出,18,CNY,,,自选,,,,,null,
qj165110708979613485,2022/4/28 8:51,交通,支出,331,CNY,,,高铁票回贵阳,,,,,null,
qj165103340474715395,2022/4/27 12:23,三餐,支出,18,CNY,,,菌菇肉酱饭,,,,,null,
qj165094642751011595,2022/4/26 12:13,午餐,支出,21,CNY,,,五花肉蒸饭,,,,,null,
qj165088418339617743,2022/4/25 18:56,地铁,支出,1.8,CNY,,,上班,,,,,null,
qj165086012914817101,2022/4/25 12:15,午餐,支出,25,CNY,,,牛肉炒饭,,,,,null,
qj165084496097015448,2022/4/25 8:02,日用品,支出,13,CNY,,,桶装水,,,,,null,
qj165079862293513316,2022/4/24 19:10,购物,支出,67.54,CNY,,,朴朴,,,,,null,
qj165077336149813075,2022/4/24 12:09,午餐,支出,13,CNY,,,羊肉粉,,,,,null,
qj165076040310617392,2022/4/24 8:33,早餐,支出,13,CNY,,,麦当劳,,,,,null,
qj165069105139917382,2022/4/23 13:17,付费会员,支出,7,CNY,,,qq音乐,,,,,null,
qj165063175931715833,2022/4/22 20:49,购物,支出,59,CNY,,,朴朴,,,,,null,
qj165063086679415388,2022/4/22 20:34,购物,支出,1.5,CNY,,,,,,,,null,
qj165060100315016445,2022/4/22 12:16,午餐,支出,22,CNY,,,蜜汁排骨饭,,,,,null,
qj165054045338812976,2022/4/21 19:27,晚餐,支出,15,CNY,,,鸡排,,,,,null,
qj165051461033016658,2022/4/21 12:16,午餐,支出,19,CNY,,,窝粉,,,,,null,
qj165049915477315283,2022/4/21 7:59,购物,支出,24,CNY,,,手机壳,,,,,null,
qj165042802541617616,2022/4/20 12:12,午餐,支出,21,CNY,,,叉烧饭,,,,,null,
qj165041402352713927,2022/4/20 8:20,三餐,支出,6,CNY,,,炒米粉,,,,,null,
qj165025645465416658,2022/4/18 12:34,午餐,支出,18,CNY,,,自选,,,,,null,
qj165016068784517147,2022/4/17 9:57,付费会员,支出,215,CNY,,,vpn,,,,,null,
qj165012320365216693,2022/4/16 23:33,购物,支出,35.5,CNY,,,鞋子除臭剂,,,,,null,
qj165011010568712844,2022/4/16 19:54,饮料,支出,2,CNY,,,水,,,,,null,
qj165011008172319500,2022/4/16 19:54,聚会,支出,69,CNY,,,请庞恰饭,,,,,null,
qj165009524877714473,2022/4/16 15:47,打车,支出,30,CNY,,,益禾公寓,,,,,null,
qj165009523450918614,2022/4/16 15:46,午餐,支出,16,CNY,,,香菇鸡块饭,,,,,null,
qj165009165276315380,2022/4/16 14:47,医疗,支出,28,CNY,,,核酸,,,,,null,
qj165002768881512619,2022/4/15 21:01,日用品,支出,13,CNY,,,桶装水,,,,,null,
qj165002725038312627,2022/4/15 20:53,购物,支出,108,CNY,,,朴朴,,,,,null,
qj164990952884110020,2022/4/14 12:11,午餐,支出,18,CNY,,,肉酱拌饭,,,,,null,
qj164985404583016332,2022/4/13 20:47,地铁,支出,100,CNY,,,羊城通,,,,,null,
qj164982331392717528,2022/4/13 12:15,午餐,支出,25,CNY,,,炒饭,,,,,null,
qj164976818719314523,2022/4/12 20:56,购物,支出,34,CNY,,,漱口水,,,,,null,
qj164973686278718438,2022/4/12 12:14,午餐,支出,25,CNY,,,炒饭,,,,,null,
qj164972363564213442,2022/4/12 8:33,零食,支出,16.5,CNY,,,润喉糖,,,,,null,
qj164965124089115376,2022/4/11 12:26,午餐,支出,15,CNY,,,自选,,,,,null,
qj164964712543816512,2022/4/11 11:18,付费会员,支出,15,CNY,,,腾讯视频,,,,,null,
qj164959889156213812,2022/4/10 21:54,购物,支出,227,CNY,,,衣服，裤子,,,,,null,
qj164948840920111892,2022/4/9 15:13,购物,支出,84,CNY,,,朴朴,,,,,null,
qj164947463547911744,2022/4/9 11:23,购物,支出,36,CNY,,,香水,,,,,null,
qj164941828708718306,2022/4/8 19:44,交通,支出,88,CNY,,,羊城通,,,,,null,
qj164939268515112996,2022/4/8 12:37,午餐,支出,25,CNY,,,自选,,,,,null,
qj164937744619819450,2022/4/8 8:23,地铁,支出,6,CNY,,,上下班,,,,,null,
qj164931796225117178,2022/4/7 15:52,午餐,支出,32,CNY,,,快餐,,,,,null,
qj164929120561513371,2022/4/7 8:26,地铁,支出,6,CNY,,,上下班,,,,,null,
qj164925688260113589,2022/4/6 22:54,日用品,支出,13,CNY,,,桶装水,,,,,null,
qj164925257814619283,2022/4/6 21:42,住房,支出,1500,CNY,,,房租,,,,,null,
qj164925254210714521,2022/4/6 21:42,三餐,支出,70,CNY,,,,,,,,null,
qj164921865442512846,2022/4/6 12:17,午餐,支出,16,CNY,,,炒河粉,,,,,null,
qj164920481876316647,2022/4/6 8:26,地铁,支出,6,CNY,,,上下班,,,,,null,
qj164914755323419781,2022/4/5 16:32,外卖,支出,5,CNY,,,猪扒包,,,,,null,
qj164912924348412073,2022/4/5 11:27,理发,支出,19,CNY,,,,,,,,null,
qj164903666646216591,2022/4/4 9:44,地铁,支出,3,CNY,,,车陂,,,,,null,
qj164903665658918811,2022/4/4 9:42,地铁,支出,3,CNY,,,珠江新城,,,,,null,
qj164903656157913006,2022/4/4 9:42,地铁,支出,6,CNY,,,车陂,,,,,null,
qj164903654819014332,2022/4/4 9:42,地铁,支出,7,CNY,,,祖庙,,,,,null,
qj164900077759018770,2022/4/3 23:46,购物,支出,63,CNY,,,坚果,,,,,null,
qj164898640409711089,2022/4/3 19:46,聚会,支出,212,CNY,,,请岳吃饭,,,,,null,
qj164897808599010691,2022/4/3 17:27,电器数码,支出,2,CNY,,,充电宝,,,,,null,
qj164897171865612261,2022/4/3 15:41,购物,支出,121,CNY,,,朴朴,,,,,null,
qj164895218489019872,2022/4/3 10:16,地铁,支出,0.04,CNY,,,客村,,,,,null,
qj164895216971416206,2022/4/3 10:15,地铁,支出,1.91,CNY,,,上班,,,,,null,
qj164894892097915735,2022/4/3 9:20,地铁,支出,4,CNY,,,车陂,,,,,null,
qj164891275135814138,2022/4/2 23:18,聚会,支出,146,CNY,,,海底捞,,,,,null,
qj164881572914114560,2022/4/1 20:21,日用品,支出,10,CNY,,,香薰,,,,,null,
qj164881569971513691,2022/4/1 20:21,外卖,支出,22,CNY,,,汉堡,,,,,null,
qj164878645799512494,2022/4/1 12:13,午餐,支出,21,CNY,,,叉烧蒸饭,,,,,null,
qj164877137492410778,2022/4/1 8:02,地铁,支出,6,CNY,,,上下班,,,,,null,
qj164870063848112210,2022/3/31 12:23,午餐,支出,21,CNY,,,宫保鸡丁饭,,,,,null,
qj164868472722119028,2022/3/31 7:58,地铁,支出,6,CNY,,,上下班,,,,,null,
qj164864110472011682,2022/3/30 19:51,日用品,支出,13,CNY,,,桶装水,,,,,null,
qj164863780671915504,2022/3/30 18:56,三餐,支出,27,CNY,,,小碗菜,,,,,null,
qj164860041406719381,2022/3/30 8:33,地铁,支出,6,CNY,,,上下班,,,,,null,
qj164855657124218316,2022/3/29 20:22,购物,支出,50,CNY,,,朴朴,,,,,null,
qj164855280859313667,2022/3/29 19:19,地铁,支出,6,CNY,,,上下班,,,,,null,
qj164852734416810137,2022/3/29 12:15,午餐,支出,18,CNY,,,酱香菌菇炒饭,,,,,null,
qj164844430621416210,2022/3/28 13:11,午餐,支出,20,CNY,,,香菇肉饼饭,,,,,null,
qj164842724719515350,2022/3/28 8:27,三餐,支出,6,CNY,,,上下班,,,,,null,
qj164826800986913093,2022/3/26 12:13,地铁,支出,8,CNY,,,车陂,,,,,null,
qj164826799808613944,2022/3/26 12:13,地铁,支出,8,CNY,,,祖庙,,,,,null,
qj164820969026511514,2022/3/25 20:01,购物,支出,96,CNY,,,朴朴,,,,,null,
qj164818320944014369,2022/3/25 12:39,午餐,支出,21,CNY,,,叉烧饭,,,,,null,
qj164817075162514719,2022/3/25 9:12,地铁,支出,6,CNY,,,上下班,,,,,null,
qj164809575683414374,2022/3/24 12:22,午餐,支出,22,CNY,,,窝粉,,,,,null,
qj164808120761817272,2022/3/24 8:20,地铁,支出,6,CNY,,,上下班,,,,,null,
qj164801280716011132,2022/3/23 13:19,三餐,支出,7,CNY,,,qq音乐,,,,,null,
qj164799380710610502,2022/3/23 8:03,地铁,支出,6,CNY,,,上下班,,,,,null,
qj164795953691716563,2022/3/22 22:31,购物,支出,55,CNY,,,锅,,,,,null,
qj164794995936510410,2022/3/22 19:52,晚餐,支出,17,CNY,,,自选,,,,,null,
qj164794899155316088,2022/3/22 19:36,日用品,支出,13,CNY,,,桶装水,,,,,null,
qj164792278695819820,2022/3/22 12:18,午餐,支出,33,CNY,,,烧腊,,,,,null,
qj164790702912312227,2022/3/22 7:57,地铁,支出,3,CNY,,,车陂,,,,,null,
qj164790702233516962,2022/3/22 7:56,地铁,支出,3,CNY,,,珠江新城,,,,,null,
qj164787901731318875,2022/3/22 0:10,购物,支出,30,CNY,,,驱蚊器,,,,,null,
qj164786599491819497,2022/3/21 20:33,购物,支出,58,CNY,,,朴朴,,,,,null,
qj164786411635512794,2022/3/21 20:01,日用品,支出,16,CNY,,,洗洁精，筷子,,,,,null,
qj164786056972912337,2022/3/21 19:02,购物,支出,57,CNY,,,朴朴超市,,,,,null,
qj164783615180913655,2022/3/21 12:15,午餐,支出,13,CNY,,,肠粉,,,,,null,
qj164782199970413417,2022/3/21 8:19,早餐,支出,1.5,CNY,,,烧麦,,,,,null,
qj164782198929217859,2022/3/21 8:19,地铁,支出,3,CNY,,,车陂,,,,,null,
qj164782198277119451,2022/3/21 8:19,地铁,支出,3,CNY,,,珠江新城,,,,,null,
qj164777115451812228,2022/3/20 18:12,外卖,支出,45,CNY,,,披萨,,,,,null,
qj164776476055513955,2022/3/20 16:25,水果,支出,19.2,CNY,,,芒果,,,,,null,
qj164775261697415919,2022/3/20 13:03,午餐,支出,10,CNY,,,自选,,,,,null,
qj164775230343910234,2022/3/20 12:58,办公用品,支出,11,CNY,,,入职资料,,,,,null,
qj164773880204318200,2022/3/20 9:13,早餐,支出,10,CNY,,,汤面,,,,,null,
qj164769390340418688,2022/3/19 20:44,购物,支出,81,CNY,,,牛板筋,,,,,null,
qj164768963031119909,2022/3/19 19:33,日用品,支出,52,CNY,,,洗发水,,,,,null,
qj164768962238916046,2022/3/19 19:33,水果,支出,6.5,CNY,,,香蕉,,,,,null,
qj164767522670815791,2022/3/19 15:33,午餐,支出,17.5,CNY,,,麻辣烫,,,,,null,
qj164766355781110620,2022/3/19 12:19,地铁,支出,8,CNY,,,车陂,,,,,null,
qj164766353991715769,2022/3/19 12:18,地铁,支出,8,CNY,,,祖庙,,,,,null,
qj164765875491712449,2022/3/19 10:58,早餐,支出,5.5,CNY,,,鸡蛋，豆浆，包子,,,,,null,
qj164762068519312683,2022/3/19 0:24,外卖,支出,20,CNY,,,烧烤,,,,,null,
qj164761757019518187,2022/3/18 23:32,购物,支出,97,CNY,,,漱口水,,,,,null,
qj164760474386212629,2022/3/18 19:58,购物,支出,116,CNY,,,茶叶,,,,,null,
qj164759873719510838,2022/3/18 18:18,购物,支出,79,CNY,,,烧水壶,,,,,null,
qj164758031819616107,2022/3/18 13:11,午餐,支出,10,CNY,,,汤粉,,,,,null,
qj164756462985617614,2022/3/18 8:50,三餐,支出,4,CNY,,,肠粉,,,,,null,
qj164750544978514068,2022/3/17 16:23,外卖,支出,20,CNY,,,鸡煲,,,,,null,
qj164749657151717695,2022/3/17 13:56,地铁,支出,3,CNY,,,车陂,,,,,null,
qj164749656262512160,2022/3/17 13:55,地铁,支出,3,CNY,,,珠江新城,,,,,null,
qj164749164019714453,2022/3/17 12:33,交通,支出,4,CNY,,,车陂,,,,,null,
qj164749162810311516,2022/3/17 12:33,地铁,支出,4,CNY,,,动物园,,,,,null,
qj164749160689013624,2022/3/17 12:33,早餐,支出,9.5,CNY,,,茶叶蛋，糯米鸡，豆浆,,,,,null,
qj164744327388816776,2022/3/16 23:07,购物,支出,137,CNY,,,鞋,,,,,null,
qj164742069728914754,2022/3/16 16:51,晚餐,支出,16,CNY,,,自选,,,,,null,
qj164741054019916301,2022/3/16 14:02,交通,支出,2,CNY,,,车陂,,,,,null,
qj164741053257813163,2022/3/16 14:02,地铁,支出,2,CNY,,,科韵路,,,,,null,
qj164740165767110237,2022/3/16 11:34,日用品,支出,73,CNY,,,桶装水,,,,,null,
qj164739528912113967,2022/3/16 9:48,早餐,支出,4,CNY,,,肠粉,,,,,null,
qj164734639563617545,2022/3/15 20:12,晚餐,支出,16,CNY,,,炒饭，豆奶,,,,,null,
qj164733755031519380,2022/3/15 17:45,水电煤,支出,53,CNY,,,退宿水电,,,,,null,
qj164733729041112915,2022/3/15 17:41,地铁,支出,7,CNY,,,车陂,,,,,null,
qj164733132501910992,2022/3/15 16:01,理发,支出,7,CNY,,,车陂,,,,,null,
qj164733131718316599,2022/3/15 16:01,地铁,支出,7,CNY,,,千灯湖,,,,,null,
qj164732804042717583,2022/3/15 15:07,办公用品,支出,8,CNY,,,打印,,,,,null,
qj164732611780212430,2022/3/15 14:35,午餐,支出,15,CNY,,,四季豆炒肉饭,,,,,null,
qj164730879876719576,2022/3/15 9:46,早餐,支出,3,CNY,,,茶叶蛋,,,,,null,
qj164726864066313256,2022/3/14 22:37,外卖,支出,19,CNY,,,米线,,,,,null,
qj164725429663015561,2022/3/14 18:38,晚餐,支出,12,CNY,,,瘦肉汤饭,,,,,null,
qj164723018516119614,2022/3/14 11:56,日用品,支出,9,CNY,,,水,,,,,null,
qj164722937412918735,2022/3/14 11:42,午餐,支出,19,CNY,,,自选,,,,,null,
qj164721946878317092,2022/3/14 8:57,早餐,支出,8,CNY,,,紫菜卷,,,,,null,
qj164717654715916982,2022/3/13 21:02,晚餐,支出,8,CNY,,,手抓饼,,,,,null,
qj164714879352018028,2022/3/13 13:19,水果,支出,38,CNY,,,桃子，青枣,,,,,null,
qj164714767567518715,2022/3/13 13:01,午餐,支出,16,CNY,,,自选,,,,,null,
qj164714766372710966,2022/3/13 13:01,理发,支出,39,CNY,,,,,,,,null,
qj164714024191311116,2022/3/13 10:57,早餐,支出,6.5,CNY,,,饺子，茶叶蛋,,,,,null,
qj164709773688611780,2022/3/12 23:08,日用品,支出,150,CNY,,,租房日用,,,,,null,
qj164709767949611924,2022/3/12 23:07,购物,支出,28,CNY,,,炭包,,,,,null,
qj164708071689519846,2022/3/12 18:25,晚餐,支出,15,CNY,,,水饺,,,,,null,
qj164706699941616315,2022/3/12 14:36,午餐,支出,35,CNY,,,面,,,,,null,
qj164706530849916721,2022/3/12 14:08,交通,支出,7,CNY,,,车陂,,,,,null,
qj164706157532019194,2022/3/12 13:06,水电煤,支出,141,CNY,,,,,,,,null,
qj164701390997714776,2022/3/11 23:51,娱乐,支出,68,CNY,,,王者荣耀,,,,,null,
qj164699311592716872,2022/3/11 18:05,外卖,支出,13,CNY,,,土豆鸡饭,,,,,null,
qj164697387107319889,2022/3/11 12:44,午餐,支出,13,CNY,,,青瓜炒蛋饭,,,,,null,
qj164697336892315080,2022/3/11 12:36,地铁,支出,7,CNY,,,千灯湖,,,,,null,
qj164697335954413512,2022/3/11 12:35,地铁,支出,7,CNY,,,车陂,,,,,null,
qj164697335154715057,2022/3/11 12:35,付费会员,支出,15,CNY,,,腾讯视频,,,,,null,
qj164696051530819294,2022/3/11 9:01,早餐,支出,5,CNY,,,酱香饼，茶叶蛋,,,,,null,
qj164690727441718303,2022/3/10 18:14,外卖,支出,16,CNY,,,盖饭,,,,,null,
qj164687518015610160,2022/3/10 9:19,早餐,支出,5,CNY,,,酱香饼，卤蛋,,,,,null,
qj164682205805810670,2022/3/9 18:34,外卖,支出,15,CNY,,,烤肉饭,,,,,null,
qj164680434616510950,2022/3/9 13:38,午餐,支出,15,CNY,,,牛肉凉面,,,,,null,
qj164679724512510524,2022/3/9 11:40,交通,支出,3,CNY,,,千灯湖,,,,,null,
qj164679723385412928,2022/3/9 11:40,地铁,支出,3,CNY,,,祖庙,,,,,null,
qj164673042510511597,2022/3/8 17:06,外卖,支出,16,CNY,,,椰子鸡汤饭,,,,,null,
qj164671448724418869,2022/3/8 12:41,午餐,支出,16,CNY,,,鱼香肉丝盖饭,,,,,null,
qj164670258767815631,2022/3/8 9:22,早餐,支出,5,CNY,,,酱香饼，茶叶蛋,,,,,null,
qj164663677325119167,2022/3/7 15:06,外卖,支出,16,CNY,,,炸鸡,,,,,null,
qj164661540803618869,2022/3/7 9:09,三餐,支出,6,CNY,,,肠粉,,,,,null,
qj164656191299414879,2022/3/6 18:18,付费会员,支出,3,CNY,,,饿了么,,,,,null,
qj164656188806114992,2022/3/6 18:17,三餐,支出,17,CNY,,,汉堡,,,,,null,
qj164654625234412546,2022/3/6 13:57,午餐,支出,12,CNY,,,云吞面,,,,,null,
qj164653861179515556,2022/3/6 11:50,交通,支出,3,CNY,,,千灯湖,,,,,null,
qj164653860357313247,2022/3/6 11:49,交通,支出,3,CNY,,,祖庙,,,,,null,
qj164653262784519286,2022/3/6 10:10,早餐,支出,6,CNY,,,烧麦，茶叶蛋,,,,,null,
qj164648301035319675,2022/3/5 20:23,外卖,支出,11,CNY,,,猪扒饭,,,,,null,
qj164647455405811730,2022/3/5 18:01,电器数码,支出,3,CNY,,,充电宝,,,,,null,
qj164647214649416370,2022/3/5 17:22,住房,支出,4450,CNY,,,租房?房租,,,,,null,
qj164647206443216943,2022/3/5 17:20,饮料,支出,18,CNY,,,烤奶,,,,,null,
qj164645820094916346,2022/3/5 13:29,午餐,支出,30,CNY,,,饺子,,,,,null,
qj164645374316819581,2022/3/5 12:15,自行车,支出,1.5,CNY,,,共享,,,,,null,
qj164644720385212247,2022/3/5 10:26,早餐,支出,5,CNY,,,酱香饼，茶叶蛋,,,,,null,
qj164640779124314561,2022/3/4 23:29,聚会,支出,42,CNY,,,烧烤,,,,,null,
qj164638873937217888,2022/3/4 18:12,外卖,支出,10,CNY,,,荞麦面,,,,,null,
qj164637629008118584,2022/3/4 14:44,交通,支出,6,CNY,,,客村,,,,,null,
qj164637322478515772,2022/3/4 13:53,书籍,支出,56,CNY,,,,,,,,null,
qj164635758218219743,2022/3/4 9:32,三餐,支出,8,CNY,,,茶叶蛋，饺子,,,,,null,
qj164629543175012817,2022/3/3 16:17,晚餐,支出,12,CNY,,,刀削面,,,,,null,
qj164629509817918935,2022/3/3 16:11,办公用品,支出,5,CNY,,,简历,,,,,null,
qj164629507609512484,2022/3/3 16:11,地铁,支出,6,CNY,,,千灯湖,,,,,null,
qj164628626269417803,2022/3/3 13:44,交通,支出,6,CNY,,,客村,,,,,null,
qj164627146225711120,2022/3/3 9:37,外卖,支出,9,CNY,,,肠粉,,,,,null,
qj164621507521410075,2022/3/2 17:57,三餐,支出,62,CNY,,,宜家,,,,,null,
qj164618533392516241,2022/3/2 9:42,早餐,支出,6,CNY,,,茶叶蛋，土豆饼,,,,,null,
qj164614734322410375,2022/3/1 23:08,话费网费,支出,49,CNY,,,话费,,,,,null,
qj164613312962115195,2022/3/1 19:12,外卖,支出,11,CNY,,,沙拉,,,,,null,
qj164609521837112907,2022/3/1 8:40,早餐,支出,3,CNY,,,酱香饼,,,,,null,
qj164606429020210099,2022/3/1 0:04,水果,支出,23,CNY,,,苹果,,,,,null,
qj164600960623213428,2022/2/28 8:53,早餐,支出,4.5,CNY,,,烧麦，糯米卷,,,,,null,
qj164594932291611918,2022/2/27 16:08,外卖,支出,24,CNY,,,汉堡,,,,,null,
qj164593001096915225,2022/2/27 10:46,早餐,支出,13,CNY,,,玉米粉,,,,,null,
qj164586268479713712,2022/2/26 16:04,外卖,支出,8,CNY,,,汉堡,,,,,null,
qj164584158012413972,2022/2/26 10:12,早餐,支出,9,CNY,,,酱香饼，酸菜饼，茶叶蛋,,,,,null,
qj164579074946219190,2022/2/25 20:05,聚会,支出,288,CNY,,,散伙饭,,,,,null,
qj164577351147712722,2022/2/25 15:18,地铁,支出,7,CNY,,,千灯湖,,,,,null,
qj164577112740111711,2022/2/25 14:38,外卖,支出,19,CNY,,,盖饭,,,,,null,
qj164576540086414633,2022/2/25 13:03,地铁,支出,7,CNY,,,车陂,,,,,null,
qj164575286403111494,2022/2/25 9:34,早餐,支出,9.5,CNY,,,包子，鸡蛋,,,,,null,
qj164569548366510058,2022/2/24 17:37,地铁,支出,5,CNY,,,千灯湖,,,,,null,
qj164569419720019793,2022/2/24 17:16,外卖,支出,10,CNY,,,沙拉,,,,,null,
qj164569387861112028,2022/2/24 17:11,其它,支出,20,CNY,,,水滴筹,,,,,null,
qj164569061955716188,2022/2/24 16:16,交通,支出,2,CNY,,,海珠客运站,,,,,null,
qj164568013223615611,2022/2/24 13:22,午餐,支出,17,CNY,,,面包,,,,,null,
qj164567967354511720,2022/2/24 13:14,打车,支出,24,CNY,,,环保科技园,,,,,null,
qj164567893872713666,2022/2/24 13:02,地铁,支出,7,CNY,,,汉溪长隆,,,,,null,
qj164566697629114844,2022/2/24 9:42,早餐,支出,11,CNY,,,酸菜饼，茶叶蛋，河粉,,,,,null,
qj164560149064318438,2022/2/23 15:31,地铁,支出,3,CNY,,,千灯湖,,,,,null,
qj164560122263213773,2022/2/23 15:26,外卖,支出,10,CNY,,,肥牛煲,,,,,null,
qj164559619378913502,2022/2/23 14:03,地铁,支出,3,CNY,,,祖庙,,,,,null,
qj164559019778911388,2022/2/23 12:23,日用品,支出,30,CNY,,,桶装水,,,,,null,
qj164552560496018025,2022/2/22 18:26,外卖,支出,7,CNY,,,沙拉,,,,,null,
qj164549128616617667,2022/2/22 8:54,早餐,支出,5,CNY,,,蒸饺,,,,,null,
qj164540443507013922,2022/2/21 8:47,早餐,支出,5,CNY,,,蒸饺,,,,,null,
qj164534621481414060,2022/2/20 16:36,外卖,支出,13,CNY,,,炸鸡,,,,,null,
qj164533446647319444,2022/2/20 13:20,付费会员,支出,7,CNY,,,qq会员,,,,,null,
qj164526773517416431,2022/2/19 18:48,外卖,支出,15,CNY,,,寿司,,,,,null,
qj164526326362712213,2022/2/19 17:34,地铁,支出,3,CNY,,,千灯湖,,,,,null,
qj164525556927613360,2022/2/19 15:26,地铁,支出,3,CNY,,,祖庙,,,,,null,
qj164525185456915108,2022/2/19 14:24,午餐,支出,20,CNY,,,炸酱面,,,,,null,
qj164524914459413049,2022/2/19 13:38,水果,支出,20,CNY,,,芒果,,,,,null,
qj164518201774912983,2022/2/18 19:00,晚餐,支出,7,CNY,,,煎饼果子,,,,,null,
qj164517954391810648,2022/2/18 18:18,三餐,支出,11,CNY,,,煲仔饭,,,,,null,
qj164514508096218277,2022/2/18 8:44,早餐,支出,3,CNY,,,酸菜饼,,,,,null,
qj164509201349219436,2022/2/17 18:00,外卖,支出,9,CNY,,,水饺,,,,,null,
qj164505902526715482,2022/2/17 8:50,早餐,支出,3,CNY,,,酱香饼,,,,,null,
qj164500593006711651,2022/2/16 18:05,外卖,支出,7,CNY,,,卤肉饭,,,,,null,
qj164497234336213614,2022/2/16 8:45,早餐,支出,4.5,CNY,,,烧麦,,,,,null,
qj164493773355710930,2022/2/15 23:08,零食,支出,63,CNY,,,坚果,,,,,null,
qj164491862720517402,2022/2/15 17:50,外卖,支出,9,CNY,,,炒饭,,,,,null,
qj164489815640219744,2022/2/15 12:09,地铁,支出,6,CNY,,,千灯湖,,,,,null,
qj164489379562011794,2022/2/15 10:56,午餐,支出,40,CNY,,,肯德基,,,,,null,
qj164488537451419727,2022/2/15 8:36,地铁,支出,6,CNY,,,猎德,,,,,null,
qj164488065926615253,2022/2/15 7:17,早餐,支出,2,CNY,,,烧麦,,,,,null,
qj164482504215914905,2022/2/14 15:50,外卖,支出,11,CNY,,,盖饭,,,,,null,
qj164482011508011734,2022/2/14 14:27,其它,支出,5000,CNY,,,股票基金,,,,,null,
qj164480496500217133,2022/2/14 10:15,早餐,支出,13,CNY,,,玉米粉,,,,,null,
qj164475122614012980,2022/2/13 19:20,地铁,支出,3,CNY,,,千灯湖,,,,,null,
qj164474881253717797,2022/2/13 18:40,外卖,支出,11,CNY,,,沙拉,,,,,null,
qj164474284691110249,2022/2/13 17:00,地铁,支出,3,CNY,,,祖庙,,,,,null,
qj164472533995318339,2022/2/13 12:08,日用品,支出,12,CNY,,,鸡精，醋,,,,,null,
qj164468019465110022,2022/2/12 23:36,娱乐,支出,156,CNY,,,剧本杀,,,,,null,
qj164468017544019080,2022/2/12 23:36,零食,支出,16,CNY,,,奶茶,,,,,null,
qj164467636945417798,2022/2/12 22:32,聚会,支出,73,CNY,,,大排档,,,,,null,
qj164464520914011404,2022/2/12 13:53,打车,支出,14,CNY,,,滴滴,,,,,null,
qj164463029120113737,2022/2/12 9:44,早餐,支出,9,CNY,,,肠粉，粥,,,,,null,
qj164457072465317706,2022/2/11 17:11,外卖,支出,11,CNY,,,米线,,,,,null,
qj164456667414913573,2022/2/11 16:04,交通,支出,7,CNY,,,千灯湖,,,,,null,
qj164455825581717194,2022/2/11 13:43,地铁,支出,7,CNY,,,谢村,,,,,null,
qj164454385630812907,2022/2/11 9:44,早餐,支出,14,CNY,,,渔粉,,,,,null,
qj164449961368615309,2022/2/10 21:26,零食,支出,27,CNY,,,牛奶,,,,,null,
qj164449960036218540,2022/2/10 21:26,日用品,支出,5,CNY,,,纸,,,,,null,
qj164448362712914667,2022/2/10 17:00,外卖,支出,11,CNY,,,米线,,,,,null,
qj164446527872817664,2022/2/10 11:54,办公用品,支出,5,CNY,,,简历,,,,,null,
qj164446464419513270,2022/2/10 11:43,午餐,支出,10,CNY,,,云吞,,,,,null,
qj164445742630419118,2022/2/10 9:43,早餐,支出,5,CNY,,,肠粉,,,,,null,
qj164440094206512879,2022/2/9 18:02,外卖,支出,9,CNY,,,意大利粉,,,,,null,
qj164437967072710149,2022/2/9 12:07,话费网费,支出,23,CNY,,,网费,,,,,null,
qj164436773839314669,2022/2/9 8:48,水果,支出,16,CNY,,,香蕉，梨子，橘子,,,,,null,
qj164436748010416337,2022/2/9 8:44,早餐,支出,5,CNY,,,蒸饺,,,,,null,
qj164431503131215778,2022/2/8 18:10,外卖,支出,9,CNY,,,手撕鸡,,,,,null,
qj164429023786615670,2022/2/8 11:17,付费会员,支出,15,CNY,,,腾讯视频,,,,,null,
qj164428101413914963,2022/2/8 8:43,早餐,支出,4,CNY,,,烧麦,,,,,null,
qj164424478768012887,2022/2/7 22:39,购物,支出,176,CNY,,,衣服,,,,,null,
qj164422887079111495,2022/2/7 18:14,外卖,支出,11,CNY,,,沙拉,,,,,null,
qj164419486908713471,2022/2/7 8:47,早餐,支出,3,CNY,,,酱香饼,,,,,null,
qj164413988339617211,2022/2/6 17:30,地铁,支出,9,CNY,,,千灯湖,,,,,null,
qj164413878126019263,2022/2/6 17:12,日用品,支出,78,CNY,,,漱口水,,,,,null,
qj164413860380614145,2022/2/6 17:09,外卖,支出,16,CNY,,,鸡排饭,,,,,null,
qj164396743625011506,2022/2/4 17:37,娱乐,支出,90,CNY,,,电影,,,,,null,
qj164390274804817470,2022/2/3 23:38,娱乐,支出,6,CNY,,,电影,,,,,null,
qj164389268170516750,2022/2/3 20:51,聚会,支出,218,CNY,,,请张吃饭,,,,,null,
qj164387150469316141,2022/2/3 14:58,聚会,支出,240,CNY,,,吃饭,,,,,null,
qj164380694775417710,2022/2/2 21:02,购物,支出,1,CNY,,,纸巾,,,,,null,
qj164379628751815274,2022/2/2 18:04,零食,支出,62,CNY,,,奶茶,,,,,null,
qj164379269850514104,2022/2/2 17:04,购物,支出,4,CNY,,,小河,,,,,null,
qj164378016706215404,2022/2/2 13:35,地铁,支出,3,CNY,,,喷水池,,,,,null,
qj164376638887916919,2022/2/2 9:46,三餐,支出,50,CNY,,,羊肉粉,,,,,null,
qj164363229461114414,2022/1/31 20:31,发红包,支出,100,CNY,,,新年红包,,,,,null,
qj164345666089918913,2022/1/29 19:44,办公用品,支出,5,CNY,,,小河,,,,,null,
qj164343552412516427,2022/1/29 13:51,地铁,支出,7,CNY,,,广州南,,,,,null,
qj164341985595919660,2022/1/29 9:30,早餐,支出,11,CNY,,,肠粉,,,,,null,
qj164336445209710336,2022/1/28 18:07,晚餐,支出,14,CNY,,,煎饼果子，拌粉,,,,,null,
qj164333329048710373,2022/1/28 9:26,早餐,支出,8,CNY,,,棍吞粉,,,,,null,
qj164328751661711208,2022/1/27 20:44,聚会,支出,92,CNY,,,烧烤,,,,,null,
qj164327867506216370,2022/1/27 18:17,外卖,支出,10,CNY,,,肥牛饭,,,,,null,
qj164324456701713800,2022/1/27 8:49,早餐,支出,4,CNY,,,烧麦,,,,,null,
qj164319706780113241,2022/1/26 19:37,请客送礼,支出,206,CNY,,,奖金请客,,,,,null,
qj164319275324818901,2022/1/26 18:25,外卖,支出,11,CNY,,,炸蛋饭,,,,,null,
qj164315811298717033,2022/1/26 8:48,早餐,支出,5,CNY,,,烧麦,,,,,null,
qj164311721183314484,2022/1/25 21:26,购物,支出,110,CNY,,,年货,,,,,null,
qj164310644698411973,2022/1/25 18:27,晚餐,支出,30,CNY,,,肯德基,,,,,null,
qj164307167838813102,2022/1/25 8:47,早餐,支出,3,CNY,,,酱香饼,,,,,null,
qj164302244869618186,2022/1/24 19:07,晚餐,支出,7,CNY,,,煎饼果子,,,,,null,
qj164302095719710092,2022/1/24 18:42,外卖,支出,13,CNY,,,米线,,,,,null,
qj164298517509310795,2022/1/24 8:46,早餐,支出,3,CNY,,,酸菜饼,,,,,null,
qj164294463106618264,2022/1/23 21:30,聚会,支出,72,CNY,,,嘟嘟煲,,,,,null,
qj164294143819817453,2022/1/23 20:37,地铁,支出,5,CNY,,,千灯湖,,,,,null,
qj164292797402713134,2022/1/23 16:52,地铁,支出,4,CNY,,,沙园,,,,,null,
qj164292451159510881,2022/1/23 15:55,交通,支出,323,CNY,,,高铁,,,,,null,
qj164290472518318952,2022/1/23 10:25,外卖,支出,15,CNY,,,米线,,,,,null,
qj164283486515719672,2022/1/22 15:00,交通,支出,3,CNY,,,地铁,,,,,null,
qj164283384341812637,2022/1/22 14:43,外卖,支出,9,CNY,,,米线,,,,,null,
qj164282459463416182,2022/1/22 12:09,交通,支出,3,CNY,,,祖庙,,,,,null,
qj164282269087819655,2022/1/22 11:38,理发,支出,68,CNY,,,剪发,,,,,null,
qj164281720029912176,2022/1/22 10:06,早餐,支出,15,CNY,,,瘦肉汤饭,,,,,null,
qj164276757235011772,2022/1/21 20:19,三餐,支出,3,CNY,,,枣子，山竹，葡萄,,,,,null,
qj164276155110516622,2022/1/21 18:39,外卖,支出,9,CNY,,,烤鱼,,,,,null,
qj164272606006318773,2022/1/21 8:47,早餐,支出,4,CNY,,,烧麦,,,,,null,
qj164267910339716695,2022/1/20 19:44,外卖,支出,8,CNY,,,杂粮饭,,,,,null,
qj164265477145810540,2022/1/20 12:59,付费会员,支出,7,CNY,,,qq音乐,,,,,null,
qj164264132579813944,2022/1/20 9:15,早餐,支出,5,CNY,,,小笼包,,,,,null,
qj164250678921910256,2022/1/18 19:52,零食,支出,7,CNY,,,奶茶,,,,,null,
qj164249563485619636,2022/1/18 16:47,交通,支出,195,CNY,,,高铁一等座,,,,,null,
qj164246682679812906,2022/1/18 8:46,早餐,支出,5,CNY,,,小笼包,,,,,null,
qj164241909218113195,2022/1/17 19:31,外卖,支出,9,CNY,,,煲仔饭,,,,,null,
qj164238061269210427,2022/1/17 8:50,早餐,支出,4,CNY,,,烧麦,,,,,null,
qj164234313490410476,2022/1/16 22:25,发红包,支出,1000,CNY,,,借黎航,,,,,null,
qj164232722794111934,2022/1/16 18:00,外卖,支出,1,CNY,,,沙拉,,,,,null,
qj164232119564113560,2022/1/16 16:19,日用品,支出,15,CNY,,,桶装水,,,,,null,
qj164230465804215068,2022/1/16 11:44,外卖,支出,15,CNY,,,肠粉,,,,,null,
qj164222748560410651,2022/1/15 14:17,交通,支出,3,CNY,,,千灯湖,,,,,null,
qj164222296850112157,2022/1/15 13:02,交通,支出,3,CNY,,,地铁,,,,,null,
qj164221403085411310,2022/1/15 10:33,外卖,支出,10,CNY,,,米线,,,,,null,
qj164215739816513749,2022/1/14 18:49,外卖,支出,11,CNY,,,意大利面,,,,,null,
qj164212141776311586,2022/1/14 8:50,早餐,支出,5,CNY,,,蒸饺,,,,,null,
qj164207616723811556,2022/1/13 20:15,外卖,支出,10,CNY,,,肥牛饭,,,,,null,
qj164203490848018379,2022/1/13 8:48,早餐,支出,5,CNY,,,小笼包,,,,,null,
qj164199808094516611,2022/1/12 22:34,购物,支出,88,CNY,,,孔明锁，屁弟弟礼物,,,,,null,
qj164199087155712736,2022/1/12 20:34,外卖,支出,7,CNY,,,煲饭,,,,,null,
qj164196546933210988,2022/1/12 13:31,水电煤,支出,116,CNY,,,水电,,,,,null,
qj164194851977314258,2022/1/12 8:48,早餐,支出,5,CNY,,,蒸饺,,,,,null,
qj164189722218912766,2022/1/11 18:33,外卖,支出,11,CNY,,,椰子鸡饭,,,,,null,
qj164186184835812819,2022/1/11 8:43,早餐,支出,3,CNY,,,酸菜饼,,,,,null,
qj164181244631216949,2022/1/10 19:00,外卖,支出,12,CNY,,,闷饭,,,,,null,
qj164177540501119667,2022/1/10 8:43,早餐,支出,5,CNY,,,烧麦,,,,,null,
qj164171769503715563,2022/1/9 16:41,外卖,支出,15,CNY,,,牛肉煲,,,,,null,
qj164171102343116562,2022/1/9 14:50,水果,支出,13,CNY,,,车厘子，梨子,,,,,null,
qj164169541064612017,2022/1/9 10:30,话费网费,支出,23,CNY,,,网费,,,,,null,
qj164169455468811607,2022/1/9 10:15,外卖,支出,13,CNY,,,米线,,,,,null,
qj164169366167619279,2022/1/9 10:00,购物,支出,63,CNY,,,坚果,,,,,null,
qj164163488233318082,2022/1/8 17:41,外卖,支出,15,CNY,,,排骨饭,,,,,null,
qj164162586129113530,2022/1/8 15:10,地铁,支出,3,CNY,,,千灯湖,,,,,null,
qj164161751939817743,2022/1/8 12:51,地铁,支出,3,CNY,,,祖庙,,,,,null,
qj164161220430512397,2022/1/8 11:23,付费会员,支出,15,CNY,,,腾讯会员,,,,,null,
qj164161002521617221,2022/1/8 10:46,三餐,支出,9,CNY,,,米线,,,,,null,
qj164155236345318417,2022/1/7 18:45,外卖,支出,8,CNY,,,盖饭,,,,,null,
qj164151618384311938,2022/1/7 8:42,早餐,支出,4,CNY,,,包子,,,,,null,
qj164144395974910805,2022/1/6 12:39,交通,支出,333,CNY,,,高铁,,,,,null,
qj164138434047318826,2022/1/5 20:05,外卖,支出,9,CNY,,,米线,,,,,null,
qj164134327696910990,2022/1/5 8:41,早餐,支出,3,CNY,,,酸菜饼,,,,,null,
qj164129415799119147,2022/1/4 19:02,外卖,支出,11,CNY,,,健康餐,,,,,null,
qj164125702579115565,2022/1/4 8:43,早餐,支出,4,CNY,,,烧麦,,,,,null,
qj164120233120813203,2022/1/3 17:31,外卖,支出,15,CNY,,,水饺,,,,,null,
qj164118047478512569,2022/1/3 11:27,早餐,支出,15,CNY,,,瘦肉汤饭,,,,,null,
qj164111776922113495,2022/1/2 18:02,交通,支出,3,CNY,,,千灯湖,,,,,null,
qj164111695587016670,2022/1/2 17:49,外卖,支出,16,CNY,,,煲仔饭,,,,,null,
qj164110616376517757,2022/1/2 14:49,地铁,支出,3,CNY,,,祖庙,,,,,null,
qj164110509074115039,2022/1/2 14:31,日用品,支出,74,CNY,,,漱口水,,,,,null,
qj164109660809717151,2022/1/2 12:09,水果,支出,19,CNY,,,提子，青枣,,,,,null,
qj164109658848613792,2022/1/2 12:09,日用品,支出,4,CNY,,,纸巾,,,,,null,
qj164109233605712216,2022/1/2 10:58,外卖,支出,9,CNY,,,肠粉，粥,,,,,null,
qj164103055683112756,2022/1/1 17:49,地铁,支出,3,CNY,,,千灯湖,,,,,null,
qj164103051423412301,2022/1/1 17:48,请客送礼,支出,27,CNY,,,奶茶,,,,,null,
qj164103049825719083,2022/1/1 17:48,请客送礼,支出,25,CNY,,,小吃街小吃,,,,,null,
qj164103047084817423,2022/1/1 17:47,请客送礼,支出,91,CNY,,,午饭,,,,,null,
qj164103045041718040,2022/1/1 17:47,旅行,支出,40,CNY,,,祖庙,,,,,null,
qj164100520456619181,2022/1/1 10:46,交通,支出,3,CNY,,,祖庙,,,,,null,
qj164097043068710877,2022/1/1 1:07,外卖,支出,19,CNY,,,炸鸡,,,,,null,
qj164094721565819283,2021/12/31 18:40,外卖,支出,10,CNY,,,牛肉米线,,,,,null,
qj164091177222618166,2021/12/31 8:49,早餐,支出,3,CNY,,,酱香饼,,,,,null,
qj164084503490714025,2021/12/30 14:16,请客送礼,支出,145,CNY,,,组内喝奶茶,,,,,null,
qj164084451094314812,2021/12/30 14:08,请客送礼,支出,71,CNY,,,班导礼物,,,,,null,
qj164077567657812781,2021/12/29 19:01,外卖,支出,8,CNY,,,米线,,,,,null,
qj164068941837518527,2021/12/28 19:03,水果,支出,17,CNY,,,火龙果,,,,,null,
qj164068801134712942,2021/12/28 18:39,外卖,支出,11,CNY,,,肥牛饭,,,,,null,
qj164060827763313797,2021/12/27 20:31,外卖,支出,12,CNY,,,滑蛋饭,,,,,null,
qj164056562717314568,2021/12/27 8:40,购物,支出,138,CNY,,,鞋,,,,,null,
qj164056548583713354,2021/12/27 8:37,早餐,支出,5,CNY,,,煎包,,,,,null,
qj164052747168616929,2021/12/26 22:04,交通,支出,25,CNY,,,租车,,,,,null,
qj164052417484411619,2021/12/26 21:09,聚会,支出,186,CNY,,,聚餐,,,,,null,
qj164052111361613282,2021/12/26 20:18,购物,支出,20,CNY,,,袜子,,,,,null,
qj164052109927516296,2021/12/26 20:18,外卖,支出,36,CNY,,,麦当劳,,,,,null,
qj164052108725217181,2021/12/26 20:18,购物,支出,138,CNY,,,鞋,,,,,null,
qj164051996482614126,2021/12/26 19:59,购物,支出,28,CNY,,,炭包,,,,,null,
qj164051394146915425,2021/12/26 18:18,外卖,支出,7,CNY,,,卤肉饭,,,,,null,
qj164050277959710899,2021/12/26 15:12,自行车,支出,1.5,CNY,,,共享,,,,,null,
qj164044334396613131,2021/12/25 22:42,零食,支出,13,CNY,,,奶茶,,,,,null,
qj164041717536815837,2021/12/25 15:24,医疗,支出,125,CNY,,,痘痘贴,,,,,null,
qj164041707121818285,2021/12/25 15:24,三餐,支出,3,CNY,,,千灯湖,,,,,null,
qj164041706366219902,2021/12/25 15:24,三餐,支出,3,CNY,,,祖庙,,,,,null,
qj164034109962811767,2021/12/24 18:18,三餐,支出,16,CNY,,,滑蛋饭,,,,,null,
qj164030597533310044,2021/12/24 8:32,早餐,支出,3,CNY,,,酱香饼,,,,,null,
qj164025710294012977,2021/12/23 18:58,水果,支出,7,CNY,,,香蕉,,,,,null,
qj164025546686216799,2021/12/23 18:30,外卖,支出,11,CNY,,,健康餐,,,,,null,
qj164022068190418235,2021/12/23 8:50,早餐,支出,5,CNY,,,小笼包,,,,,null,
qj164017768501714829,2021/12/22 20:54,外卖,支出,13,CNY,,,黄焖鸡,,,,,null,
qj164014481934019749,2021/12/22 11:46,发红包,支出,1500,CNY,,,借雪谷,,,,,null,
qj164014477774011629,2021/12/22 11:46,早餐,支出,4,CNY,,,包子,,,,,null,
qj164005787212910195,2021/12/21 11:37,外卖,支出,14,CNY,,,饺子,,,,,null,
qj164001365852412550,2021/12/20 23:20,外卖,支出,13,CNY,,,饺子，汤圆,,,,,null,
qj164001319403513272,2021/12/20 23:12,三餐,支出,100,CNY,,,组费,,,,,null,
qj164000810508111310,2021/12/20 21:48,购物,支出,30,CNY,,,书签,,,,,null,
qj163996088993010681,2021/12/20 8:40,早餐,支出,4,CNY,,,烧麦,,,,,null,
qj163990318065415012,2021/12/19 16:39,三餐,支出,23,CNY,,,咖喱牛排饭,,,,,null,
qj163988065949610288,2021/12/19 10:24,早餐,支出,4,CNY,,,肠粉，粥,,,,,null,
qj163982788848116134,2021/12/18 19:44,理发,支出,36,CNY,,,理发,,,,,null,
qj163982000412811579,2021/12/18 17:33,晚餐,支出,15,CNY,,,渔粉,,,,,null,
qj163981295376719732,2021/12/18 15:35,地铁,支出,3,CNY,,,千灯湖,,,,,null,
qj163980343359216572,2021/12/18 12:57,地铁,支出,3,CNY,,,祖庙,,,,,null,
qj163974915711319425,2021/12/17 21:52,聚会,支出,54,CNY,,,大排档,,,,,null,
qj163970246202413434,2021/12/17 8:54,购物,支出,48,CNY,,,漱口水,,,,,null,
qj163970175053117584,2021/12/17 8:42,早餐,支出,3,CNY,,,酱香饼,,,,,null,
qj163970141233016870,2021/12/17 8:36,晚餐,支出,15,CNY,,,土豆粉,,,,,null,
qj163961539303817092,2021/12/16 8:42,早餐,支出,4,CNY,,,包子,,,,,null,
qj163957528306317726,2021/12/15 21:34,三餐,支出,13,CNY,,,健康餐,,,,,null,
qj163952855983513360,2021/12/15 8:35,早餐,支出,4,CNY,,,包子,,,,,null,
qj163952854652115824,2021/12/14 20:15,三餐,支出,81,CNY,,,,,,,,null,
qj163948411708618552,2021/12/14 20:15,外卖,支出,15,CNY,,,炒饭,,,,,null,
qj163944225301816910,2021/12/14 8:37,早餐,支出,4,CNY,,,茶叶蛋,,,,,null,
qj163939796143716364,2021/12/13 20:19,外卖,支出,16,CNY,,,滑蛋饭,,,,,null,
qj163936810485615609,2021/12/13 12:01,购物,支出,30,CNY,,,书签,,,,,null,
qj163930121130916369,2021/12/12 17:26,外卖,支出,15,CNY,,,泡菜汤饭,,,,,null,
qj163928025765017237,2021/12/12 11:37,付费会员,支出,108,CNY,,,服务器,,,,,null,
qj163927901416115724,2021/12/12 11:15,付费会员,支出,3,CNY,,,广发短信提醒,,,,,null,
qj163927894228817552,2021/12/12 11:15,外卖,支出,9,CNY,,,肠粉,,,,,null,
qj163922920979518678,2021/12/11 21:26,外卖,支出,16,CNY,,,饺子,,,,,null,
qj163921792167414219,2021/12/11 18:15,水果,支出,23,CNY,,,桃子，提子，芒果,,,,,null,
qj163920935215310730,2021/12/11 15:55,外卖,支出,10,CNY,,,健康餐,,,,,null,
qj163920601208412350,2021/12/11 14:59,地铁,支出,3,CNY,,,祖庙,,,,,null,
qj163920448235818587,2021/12/11 14:34,医疗,支出,5588,CNY,,,痘博士,,,,,null,
qj163919506260316182,2021/12/11 11:57,地铁,支出,3,CNY,,,千灯湖,,,,,null,
qj163915205426517231,2021/12/11 0:00,付费会员,支出,40,CNY,,,理杏仁,,,,,null,
qj163914280861913107,2021/12/10 21:26,日用品,支出,15,CNY,,,桶装水,,,,,null,
qj163913369926217067,2021/12/10 18:54,外卖,支出,14,CNY,,,鸡肉饭,,,,,null,
qj163909711875718108,2021/12/10 8:45,早餐,支出,5,CNY,,,糯米鸡,,,,,null,
qj163904745531111331,2021/12/9 18:57,外卖,支出,15,CNY,,,鸡趴健康餐,,,,,null,
qj163901073657612709,2021/12/9 8:45,早餐,支出,4,CNY,,,包子,,,,,null,
qj163900998047916360,2021/12/9 8:32,话费网费,支出,23,CNY,,,网费,,,,,null,
qj163896102572018847,2021/12/8 18:56,三餐,支出,15,CNY,,,减脂餐,,,,,null,
qj163893392072814196,2021/12/8 11:25,付费会员,支出,15,CNY,,,腾讯视频,,,,,null,
qj163892395673416576,2021/12/8 8:39,早餐,支出,4,CNY,,,烧麦,,,,,null,
qj163887721344811320,2021/12/7 19:40,外卖,支出,13,CNY,,,土豆回锅肉,,,,,null,
qj163886764181714861,2021/12/7 17:00,水电煤,支出,94,CNY,,,水电,,,,,null,
qj163883755418612057,2021/12/7 8:39,早餐,支出,6,CNY,,,手抓饼,,,,,null,
qj163879287016412129,2021/12/6 20:14,外卖,支出,9,CNY,,,饺子,,,,,null,
qj163875124811418298,2021/12/6 8:40,早餐,支出,4,CNY,,,包子,,,,,null,
qj163868529283711884,2021/12/5 14:21,交通,支出,3,CNY,,,千灯湖,,,,,null,
qj163868035758511387,2021/12/5 12:59,购物,支出,30,CNY,,,手机壳,,,,,null,
qj163867607438114343,2021/12/5 11:47,地铁,支出,3,CNY,,,祖庙,,,,,null,
qj163860699799719248,2021/12/4 16:36,话费网费,支出,2,CNY,,,话费,,,,,null,
qj163860549438913640,2021/12/4 16:11,地铁,支出,7,CNY,,,佛山,,,,,null,
qj163860522523314120,2021/12/4 16:06,外卖,支出,17,CNY,,,鳗鱼饭,,,,,null,
qj163859303822117523,2021/12/4 12:43,自行车,支出,7,CNY,,,广州,,,,,null,
qj163858825515513171,2021/12/4 11:23,娱乐,支出,6,CNY,,,游戏,,,,,null,
qj163858823649014491,2021/12/4 11:23,日用品,支出,40,CNY,,,洗发露，沐浴露,,,,,null,
qj163849184146116307,2021/12/3 8:37,早餐,支出,4,CNY,,,鸡蛋,,,,,null,
qj163840530646217238,2021/12/2 8:34,早餐,支出,6,CNY,,,小笼包,,,,,null,
qj163837142122518977,2021/12/1 23:10,饮料,支出,34,CNY,,,牛奶,,,,,null,
qj163831900075317741,2021/12/1 8:36,早餐,支出,4,CNY,,,烧麦，茶叶蛋,,,,,null,
qj163827164694317579,2021/11/30 19:27,外卖,支出,13,CNY,,,卤肉饭拼鸡腿,,,,,null,
qj163825526713511246,2021/11/30 14:54,午餐,支出,37,CNY,,,茶餐厅,,,,,null,
qj163823240311711787,2021/11/30 8:33,早餐,支出,4,CNY,,,包子,,,,,null,
qj163818595032914980,2021/11/29 19:38,晚餐,支出,15,CNY,,,瘦肉汤饭,,,,,null,
qj163818583574610077,2021/11/29 19:37,话费网费,支出,87,CNY,,,话费,,,,,null,
qj163815732940115620,2021/11/29 11:41,三餐,支出,20,CNY,,,饭卡,,,,,null,
qj163814552399618501,2021/11/29 8:25,早餐,支出,4,CNY,,,卤蛋，烧麦,,,,,null,
qj163814534158610564,2021/11/29 8:22,话费网费,支出,100,CNY,,,话费,,,,,null,
qj163809267761414116,2021/11/28 17:44,外卖,支出,13,CNY,,,土豆焖鸡,,,,,null,
qj163809055950715988,2021/11/28 17:09,交通,支出,6,CNY,,,痘博士,,,,,null,
qj163809016138411508,2021/11/28 17:02,水果,支出,36,CNY,,,石榴，青枣，山竹，苹果，火龙果,,,,,null,
qj163808219641718520,2021/11/28 14:49,医疗,支出,680,CNY,,,痘痘,,,,,null,
qj163801921398316260,2021/11/27 21:19,日用品,支出,15,CNY,,,牙刷,,,,,null,
qj163800679837217597,2021/11/27 17:52,外卖,支出,21,CNY,,,家常菜,,,,,null,
qj163800657359311878,2021/11/27 17:49,理发,支出,198,CNY,,,烫头发,,,,,null,
qj163792428168019029,2021/11/26 18:57,外卖,支出,18,CNY,,,海鲜饭,,,,,null,
qj163788697945514001,2021/11/26 8:36,早餐,支出,3,CNY,,,酸菜饼,,,,,null,
qj163775949283918485,2021/11/24 21:11,三餐,支出,50,CNY,,,饭卡,,,,,null,
qj163775947922616139,2021/11/24 21:11,午餐,支出,16,CNY,,,食堂,,,,,null,
qj163775096142314820,2021/11/24 18:48,外卖,支出,22,CNY,,,牛肉煲,,,,,null,
qj163771583294010842,2021/11/24 9:03,水果,支出,29,CNY,,,草莓，车厘子,,,,,null,
qj163771579372610264,2021/11/24 9:03,日用品,支出,4,CNY,,,纸巾,,,,,null,
qj163771318964218328,2021/11/24 8:19,早餐,支出,4,CNY,,,土豆卷,,,,,null,
qj163768850876719156,2021/11/24 1:28,购物,支出,149,CNY,,,漱口水,,,,,null,
qj163768826019417163,2021/11/24 1:23,购物,支出,99,CNY,,,裤子,,,,,null,
qj163775310829612085,2021/11/23 20:09,零食,支出,11,CNY,,,口香糖,,,,,null,
qj163766936772912345,2021/11/23 20:09,办公用品,支出,2,CNY,,,电池,,,,,null,
qj163766935065011603,2021/11/23 20:08,零食,支出,10,CNY,,,薯片,,,,,null,
qj163766932194816616,2021/11/23 20:08,晚餐,支出,8,CNY,,,热干面,,,,,null,
qj163766508656915671,2021/11/23 18:57,三餐,支出,21,CNY,,,烤五花肉饭,,,,,null,
qj163762739115413618,2021/11/23 8:29,早餐,支出,4,CNY,,,包子,,,,,null,
qj163759902374716438,2021/11/23 0:36,外卖,支出,14,CNY,,,披萨,,,,,null,
qj163755421143717466,2021/11/22 12:09,聚会,支出,134,CNY,,,林雪古生日,,,,,null,
qj163754183899616512,2021/11/22 8:43,早餐,支出,3,CNY,,,酱香饼,,,,,null,
qj163749012757719468,2021/11/21 18:21,外卖,支出,15,CNY,,,烤鱼,,,,,null,
qj163743232183010871,2021/11/21 2:18,自行车,支出,3,CNY,,,共享,,,,,null,
qj163741638954518303,2021/11/20 21:52,自行车,支出,1.5,CNY,,,共享,,,,,null,
qj163740216056710770,2021/11/20 17:55,日用品,支出,15,CNY,,,桶装水,,,,,null,
qj163739717868114664,2021/11/20 16:32,地铁,支出,8,CNY,,,回佛山,,,,,null,
qj163738642152113503,2021/11/20 13:33,地铁,支出,8,CNY,,,去广州,,,,,null,
qj163738091797313974,2021/11/20 12:01,办公用品,支出,3,CNY,,,简历,,,,,null,
qj163733297184814116,2021/11/19 22:42,三餐,支出,50,CNY,,,组费,,,,,null,
qj163728133436617246,2021/11/19 8:22,早餐,支出,4,CNY,,,包子，烧麦,,,,,null,
qj163721362958919927,2021/11/18 13:33,付费会员,支出,7,CNY,,,qq音乐,,,,,null,
qj163710880042113786,2021/11/17 8:26,早餐,支出,2,CNY,,,包子,,,,,null,
qj163702169442317414,2021/11/16 8:14,早餐,支出,3,CNY,,,酱香饼,,,,,null,
qj163697513409310746,2021/11/15 19:18,聚会,支出,73,CNY,,,火锅,,,,,null,
qj163697510081019396,2021/11/15 19:18,外卖,支出,17,CNY,,,意大利面,,,,,null,
qj163697509113915704,2021/11/15 19:18,付费会员,支出,5,CNY,,,美团,,,,,null,
qj163693538602311441,2021/11/15 8:16,早餐,支出,4,CNY,,,包子,,,,,null,
qj163688487384310357,2021/11/14 18:14,外卖,支出,12,CNY,,,麻辣香锅,,,,,null,
qj163686866524617042,2021/11/14 13:44,三餐,支出,13,CNY,,,面条,,,,,null,
qj163680038738811495,2021/11/13 18:46,晚餐,支出,17,CNY,,,炒菜,,,,,null,
qj163679002738416584,2021/11/13 15:53,水果,支出,20,CNY,,,车厘子，青枣,,,,,null,
qj163672708949215590,2021/11/12 22:24,外卖,支出,19,CNY,,,炸鸡,,,,,null,
qj163667622178616256,2021/11/12 8:16,早餐,支出,4,CNY,,,烧麦,,,,,null,
qj163663976711110024,2021/11/11 22:09,水电煤,支出,89,CNY,,,,,,,,null,
qj163663628267710712,2021/11/11 21:10,聚会,支出,85,CNY,,,大排档,,,,,null,
qj163663546406518992,2021/11/11 20:57,自行车,支出,1.5,CNY,,,共享,,,,,null,
qj163677710943917001,2021/11/7 18:02,早餐,支出,13,CNY,,,玉米粉,,,,,null,
qj163627937589014282,2021/11/7 18:02,外卖,支出,18,CNY,,,烤鱼,,,,,null,
qj163627914505718601,2021/11/7 17:58,日用品,支出,130,CNY,,,洗面奶,,,,,null,
qj163627866411217343,2021/11/7 17:50,水果,支出,25,CNY,,,芒果，苹果，橘子，山竹,,,,,null,
qj163624961865913733,2021/11/7 9:46,话费网费,支出,23,CNY,,,网费,,,,,null,
qj163620674441715771,2021/11/6 21:52,日用品,支出,15,CNY,,,桶装水,,,,,null,
qj163619255431211733,2021/11/6 17:55,外卖,支出,17,CNY,,,香芋排骨蒸饭,,,,,null,
qj163612428312712316,2021/11/5 22:57,聚会,支出,46,CNY,,,烤鸡,,,,,null,
qj163611571083518367,2021/11/5 20:34,自行车,支出,1.5,CNY,,,共享,,,,,null,
qj163609685933311930,2021/11/5 15:20,日用品,支出,3,CNY,,,水,,,,,null,
qj163607264573314563,2021/11/5 8:37,早餐,支出,7,CNY,,,酱香饼，酸菜饼,,,,,null,
qj163600038618415316,2021/11/4 12:32,早餐,支出,5,CNY,,,饺子,,,,,null,
qj163589754970717784,2021/11/3 7:58,水果,支出,20,CNY,,,香蕉，红布林，山竹,,,,,null,
qj163586227375019325,2021/11/2 22:10,日用品,支出,5,CNY,,,电池,,,,,null,
qj163575635527314962,2021/11/1 16:45,三餐,支出,6,CNY,,,鸡肉卷,,,,,null,
qj163567480996118714,2021/10/31 18:06,外卖,支出,15,CNY,,,干锅闷饭,,,,,null,
qj163565680597614453,2021/10/31 13:05,娱乐,支出,53,CNY,,,ktv,,,,,null,
qj163565484460412656,2021/10/31 12:33,书籍,支出,51,CNY,,,,,,,,null,
qj163564958623319076,2021/10/31 11:05,聚会,支出,48,CNY,,,万达茶餐厅,,,,,null,
qj163560702760317860,2021/10/30 23:16,打车,支出,10,CNY,,,,,,,,null,
qj163556030067911243,2021/10/30 10:18,理发,支出,20,CNY,,,,,,,,null,
qj163551108050118538,2021/10/29 20:37,晚餐,支出,11,CNY,,,炒粉,,,,,null,
qj163546615639718586,2021/10/29 8:09,早餐,支出,3,CNY,,,酱香饼,,,,,null,
qj163543327973210345,2021/10/28 23:01,零食,支出,49,CNY,,,,,,,,null,
qj163543278817919271,2021/10/28 22:52,零食,支出,199,CNY,,,牛板筋，牛蹄筋,,,,,null,
qj163533732682510936,2021/10/27 20:21,外卖,支出,16,CNY,,,滑蛋肥牛饭,,,,,null,
qj163530682909812416,2021/10/27 11:53,午餐,支出,18,CNY,,,手工米粉,,,,,null,
qj163516354577816703,2021/10/25 20:05,外卖,支出,11,CNY,,,炒饭,,,,,null,
qj163504362579912591,2021/10/24 10:46,话费网费,支出,30,CNY,,,话费,,,,,null,
qj163504174069612189,2021/10/24 10:14,水果,支出,20,CNY,,,葡萄，桃子，甜柑,,,,,null,
qj163504144725418383,2021/10/24 10:10,早餐,支出,10,CNY,,,汤粉,,,,,null,
qj163504089448711449,2021/10/24 10:01,三餐,支出,8,CNY,,,面条,,,,,null,
qj163499869125516997,2021/10/23 22:18,自行车,支出,1.5,CNY,,,共享,,,,,null,
qj163499337264519159,2021/10/23 20:49,自行车,支出,1.5,CNY,,,共享,,,,,null,
qj163495467198114913,2021/10/23 10:04,购物,支出,99,CNY,,,牛仔裤,,,,,null,
qj163495353884513333,2021/10/23 9:44,日用品,支出,17,CNY,,,垃圾袋，牙刷,,,,,null,
qj163495276828310089,2021/10/23 9:32,早餐,支出,13,CNY,,,玉米粉,,,,,null,
qj163489872562618151,2021/10/22 18:31,外卖,支出,20,CNY,,,海鲜铁板炒饭,,,,,null,
qj163488248370214449,2021/10/22 14:00,地铁,支出,14,CNY,,,地铁,,,,,null,
qj163487465207514701,2021/10/22 11:50,午餐,支出,40,CNY,,,肯德基,,,,,null,
qj163486161593111023,2021/10/22 8:13,早餐,支出,2,CNY,,,包子,,,,,null,
qj163481398564014990,2021/10/21 18:59,晚餐,支出,15,CNY,,,豆角炒河粉,,,,,null,
qj163478945905112293,2021/10/21 12:10,办公用品,支出,2,CNY,,,文件袋,,,,,null,
qj163478930752517152,2021/10/21 12:08,办公用品,支出,5,CNY,,,打印,,,,,null,
qj163472975122417408,2021/10/20 19:35,外卖,支出,13,CNY,,,滑蛋饭,,,,,null,
qj163468793295716105,2021/10/20 7:58,日用品,支出,90,CNY,,,漱口水,,,,,null,
qj163453617050814963,2021/10/18 13:49,付费会员,支出,7,CNY,,,qq音乐,,,,,null,
qj163452845981015132,2021/10/18 11:40,午餐,支出,21,CNY,,,麦当劳,,,,,null,
qj163451500008419008,2021/10/18 7:56,早餐,支出,3,CNY,,,酱香饼,,,,,null,
qj163446900188411500,2021/10/17 19:09,晚餐,支出,38,CNY,,,牛肉面,,,,,null,
qj163444468654219803,2021/10/17 12:24,日用品,支出,15,CNY,,,桶装水,,,,,null,
qj163443990935519534,2021/10/17 11:04,早餐,支出,15,CNY,,,瘦肉汤饭,,,,,null,
qj163437907861114931,2021/10/16 18:11,外卖,支出,20,CNY,,,米线,,,,,null,
qj163437360756814319,2021/10/16 16:39,饮料,支出,35,CNY,,,奶茶,,,,,null,
qj163437357942613910,2021/10/16 16:39,地铁,支出,13,CNY,,,地铁,,,,,null,
qj163429720370413271,2021/10/15 19:26,外卖,支出,13,CNY,,,鸡排饭,,,,,null,
qj163420718834512486,2021/10/14 18:26,地铁,支出,7,CNY,,,地铁,,,,,null,
qj163420682708717911,2021/10/14 18:20,外卖,支出,18,CNY,,,海鲜拌饭,,,,,null,
qj163419197524717324,2021/10/14 14:11,地铁,支出,7,CNY,,,地铁,,,,,null,
qj163419191218316823,2021/10/14 14:11,午餐,支出,16,CNY,,,桂林米粉,,,,,null,
qj163418352278617644,2021/10/14 11:51,早餐,支出,12,CNY,,,小笼包，煎饺,,,,,null,
qj163411933888019780,2021/10/13 18:02,水电煤,支出,134,CNY,,,水电费,,,,,null,
qj163408383446217068,2021/10/13 8:10,日用品,支出,40,CNY,,,走珠,,,,,null,
qj163395513336815792,2021/10/11 20:24,付费会员,支出,40,CNY,,,工会会费,,,,,null,
qj163395506348116036,2021/10/11 20:24,运动,支出,10,CNY,,,乒乓球,,,,,null,
qj163395223407717971,2021/10/11 19:37,晚餐,支出,15,CNY,,,肉丝蛋炒饭,,,,,null,
qj163385779704319790,2021/10/10 17:23,外卖,支出,18,CNY,,,牛肉火锅,,,,,null,
qj163385673671311144,2021/10/10 17:05,水果,支出,12,CNY,,,葡萄，柚子，香蕉,,,,,null,
qj163385671360912150,2021/10/10 17:05,日用品,支出,4,CNY,,,纸巾,,,,,null,
qj163383566732711869,2021/10/10 11:14,三餐,支出,13,CNY,,,蛋炒河粉,,,,,null,
qj163378757819015948,2021/10/9 21:52,外卖,支出,27,CNY,,,炸鸡,,,,,null,
qj163378522579611828,2021/10/9 21:13,自行车,支出,1.5,CNY,,,共享,,,,,null,
qj163378379093910235,2021/10/9 20:49,饮料,支出,11,CNY,,,酸奶,,,,,null,
qj163360692329919821,2021/10/7 19:41,日用品,支出,70,CNY,,,洗发露，沐浴露,,,,,null,
qj163358248902618443,2021/10/7 12:54,话费网费,支出,23,CNY,,,网费,,,,,null,
qj163357462266118876,2021/10/7 10:42,早餐,支出,19,CNY,,,粥，肠粉,,,,,null,
qj163351477970812214,2021/10/6 18:05,外卖,支出,21,CNY,,,豆汁排骨，红烧豆腐，猪骨玉米汤,,,,,null,
qj163349271576615173,2021/10/6 11:58,付费会员,支出,15,CNY,,,腾讯视频,,,,,null,
qj163348968421313788,2021/10/6 11:07,早餐,支出,13,CNY,,,五谷玉米粉,,,,,null,
qj163345163087317202,2021/10/6 0:33,聚会,支出,43,CNY,,,国庆宵夜,,,,,null,
qj163343597237219873,2021/10/5 20:12,日用品,支出,7.5,CNY,,,牙膏,,,,,null,
qj163343596024618895,2021/10/5 20:12,水果,支出,16.4,CNY,,,橙子,,,,,null,
qj163342861160114200,2021/10/5 18:09,外卖,支出,17,CNY,,,照烧鸡排饭,,,,,null,
qj163340392623514042,2021/10/5 11:18,早餐,支出,12,CNY,,,云吞面,,,,,null,
qj163335518208017338,2021/10/4 21:46,自行车,支出,1,CNY,,,共享,,,,,null,
qj163333944886810187,2021/10/4 17:24,外卖,支出,20,CNY,,,咖喱饭,,,,,null,
qj163332286216715102,2021/10/4 12:47,日用品,支出,15,CNY,,,桶装水,,,,,null,
qj163331638947810862,2021/10/4 10:59,早餐,支出,8,CNY,,,青菜面,,,,,null,
qj163325362314419129,2021/10/3 17:33,外卖,支出,29,CNY,,,火锅鸡,,,,,null,
qj163325333765312936,2021/10/3 17:28,付费会员,支出,6.6,CNY,,,美团红包,,,,,null,
qj163322891762516091,2021/10/3 10:41,外卖,支出,20,CNY,,,饺子,,,,,null,
qj163318395094019813,2021/10/2 22:11,自行车,支出,2,CNY,,,共享,,,,,null,
qj163316863467518572,2021/10/2 17:57,外卖,支出,17,CNY,,,脆皮鸡饭,,,,,null,
qj163315105771610572,2021/10/2 13:04,早餐,支出,17,CNY,,,做饭,,,,,null,
qj163309227691215422,2021/10/1 20:44,聚会,支出,35,CNY,,,国庆跟庞,,,,,null,
qj163309150709314711,2021/10/1 20:31,自行车,支出,1.5,CNY,,,共享,,,,,null,
qj163308781401212573,2021/10/1 19:30,饮料,支出,19,CNY,,,,,,,,null,
qj163308366690813294,2021/10/1 18:20,自行车,支出,1.5,CNY,,,共享,,,,,null,
qj163305748336818151,2021/10/1 11:04,早餐,支出,13,CNY,,,五谷渔粉,,,,,null,
qj163301996943311490,2021/10/1 0:39,聚会,支出,70,CNY,,,,,,,,null,
qj163300141364118937,2021/9/30 19:30,三餐,支出,22,CNY,,,鸡翅煲,,,,,null,
qj163299998235612908,2021/9/30 19:06,水果,支出,17,CNY,,,橙子,,,,,null,
qj163288865426610292,2021/9/29 12:10,书籍,支出,48,CNY,,,,,,,,null,
qj163283900171715388,2021/9/28 22:23,聚会,支出,57,CNY,,,中午饭,,,,,null,
qj163283014433418946,2021/9/28 19:55,外卖,支出,18,CNY,,,鸡排饭,,,,,null,
qj163274798886612319,2021/9/27 21:06,零食,支出,10,CNY,,,口香糖,,,,,null,
qj163274675031010054,2021/9/27 20:45,晚餐,支出,16,CNY,,,卤肉饭,,,,,null,
qj163265447403313153,2021/9/26 19:07,水果,支出,7.4,CNY,,,枣子,,,,,null,
qj163258435759211716,2021/9/25 23:39,零食,支出,54,CNY,,,坚果,,,,,null,
qj163255086551718958,2021/9/25 14:20,饮料,支出,34,CNY,,,咖啡,,,,,null,
qj163254872608714101,2021/9/25 13:45,外卖,支出,16,CNY,,,狮子头饭,,,,,null,
qj163254695687313220,2021/9/25 13:15,早餐,支出,24,CNY,,,汤粉,,,,,null,
qj163254083959818874,2021/9/25 11:33,自行车,支出,1.5,CNY,,,共享,,,,,null,
qj163253895541914098,2021/9/25 11:02,地铁,支出,6,CNY,,,,,,,,null,
qj163253220364318230,2021/9/25 9:06,住房,支出,80,CNY,,,广州住一晚,,,,,null,
qj163249729799513618,2021/9/24 23:28,聚会,支出,58,CNY,,,成来广,,,,,null,
qj163249728034019794,2021/9/24 23:27,地铁,支出,9,CNY,,,,,,,,null,
qj163244336490619388,2021/9/24 8:29,自行车,支出,4.5,CNY,,,共享,,,,,null,
qj163239722895414330,2021/9/23 19:40,晚餐,支出,12,CNY,,,炸酱汤面,,,,,null,
qj163222033780613993,2021/9/21 18:32,外卖,支出,29,CNY,,,炸鸡,,,,,null,
qj163214518301615755,2021/9/20 21:39,聚会,支出,89,CNY,,,掉虾,,,,,null,
qj163210991114917752,2021/9/20 11:51,外卖,支出,18,CNY,,,黄焖鸡,,,,,null,
qj163210951067813957,2021/9/20 11:45,水果,支出,4,CNY,,,水果捞,,,,,null,
qj163206585712215312,2021/9/19 23:37,购物,支出,46,CNY,,,月饼,,,,,null,
qj163204703085610120,2021/9/19 18:23,外卖,支出,19,CNY,,,海鲜饭,,,,,null,
qj163203908932213851,2021/9/19 16:08,学习,支出,2052,CNY,,,cda一级,,,,,null,
qj163203892621213140,2021/9/19 16:08,学习,支出,1200,CNY,,,cda 报名,,,,,null,
qj163203603996010712,2021/9/19 15:20,娱乐,支出,3,CNY,,,游戏,,,,,null,
qj163198264178319683,2021/9/19 0:30,聚会,支出,60,CNY,,,烧烤,,,,,null,
qj163196444201212007,2021/9/18 19:27,自行车,支出,3,CNY,,,共享,,,,,null,
qj163196442255819689,2021/9/18 19:26,外卖,支出,14,CNY,,,无骨鱼饭,,,,,null,
qj163187680041418555,2021/9/17 19:06,外卖,支出,13,CNY,,,椰子鸡汤饭,,,,,null,
qj163180464199619325,2021/9/16 23:03,付费会员,支出,1.58,CNY,,,天眼查,,,,,null,
qj163179054336017094,2021/9/16 19:08,外卖,支出,15,CNY,,,手撕鸡饭,,,,,null,
qj163174870696619637,2021/9/16 7:31,早餐,支出,4,CNY,,,烧麦,,,,,null,
qj163170983104011456,2021/9/15 20:43,晚餐,支出,16,CNY,,,茶树菇排骨面,,,,,null,
qj163162434260814011,2021/9/14 20:58,外卖,支出,8,CNY,,,蛋包饭,,,,,null,
qj163153450238813679,2021/9/13 20:01,晚餐,支出,15.5,CNY,,,肉丝蛋炒饭,,,,,null,
qj163143731919017443,2021/9/12 17:01,外卖,支出,18,CNY,,,土豆泥，鸡排饭,,,,,null,
qj163143727650812342,2021/9/12 17:01,付费会员,支出,5,CNY,,,美团外卖,,,,,null,
qj163143696219019861,2021/9/12 16:55,水果,支出,39,CNY,,,芒果，百香果，火龙果,,,,,null,
qj163141575065610475,2021/9/12 11:02,早餐,支出,15,CNY,,,五谷香菇粉,,,,,null,
qj163135887591217576,2021/9/11 19:14,午餐,支出,25,CNY,,,凉面,,,,,null,
qj163135886464718421,2021/9/11 19:13,早餐,支出,4,CNY,,,酸菜饼,,,,,null,
qj163135863423211804,2021/9/11 19:10,外卖,支出,17,CNY,,,孜然烤肉饭,,,,,null,
qj163128784089517147,2021/9/10 23:30,聚会,支出,121,CNY,,,胡桃里喝酒,,,,,null,
qj163123072672215167,2021/9/10 7:38,早餐,支出,3,CNY,,,酱香饼,,,,,null,
qj163119435331110689,2021/9/9 21:32,日用品,支出,10,CNY,,,毛巾,,,,,null,
qj163118833668510750,2021/9/9 19:52,晚餐,支出,13,CNY,,,清炒土豆丝,,,,,null,
qj163111308330016027,2021/9/8 22:57,水电煤,支出,119,CNY,,,水电,,,,,null,
qj163110451972310906,2021/9/8 20:35,话费网费,支出,23,CNY,,,网费,,,,,null,
qj163110147284718103,2021/9/8 19:44,外卖,支出,12,CNY,,,蛋包饭,,,,,null,
qj163102936748912517,2021/9/7 23:42,日用品,支出,28,CNY,,,茶杯,,,,,null,
qj163101987233314693,2021/9/7 21:04,外卖,支出,18,CNY,,,鸡公煲,,,,,null,
qj163093149501515774,2021/9/6 20:31,三餐,支出,9,CNY,,,马桶器,,,,,null,
qj163085780839712626,2021/9/6 0:03,晚餐,支出,40,CNY,,,打火锅,,,,,null,
qj163081772047214254,2021/9/5 12:55,水果,支出,33,CNY,,,黄桃，芒果,,,,,null,
qj163081529828114031,2021/9/5 12:14,付费会员,支出,263,CNY,,,百度网盘,,,,,null,
qj163076359915516481,2021/9/4 21:52,聚会,支出,90,CNY,,,广州杨桥牛肉火锅,,,,,null,
qj163075980644319658,2021/9/4 20:49,地铁,支出,5,CNY,,,回佛山,,,,,null,
qj163074885009513633,2021/9/4 17:47,地铁,支出,5,CNY,,,去广州,,,,,null,
qj163072495115419509,2021/9/4 11:08,三餐,支出,8,CNY,,,玉米饼，酱香饼,,,,,null,
qj163072376777013194,2021/9/4 10:49,聚会,支出,91,CNY,,,ktv入组,,,,,null,
qj163069015341115528,2021/9/4 1:29,早餐,支出,6,CNY,,,肠粉,,,,,null,
qj163062571538514885,2021/9/3 7:34,晚餐,支出,29,CNY,,,饺子,,,,,null,
qj163049654813811085,2021/9/1 19:42,外卖,支出,17,CNY,,,咖喱饭,,,,,null,
qj163045494667211532,2021/9/1 8:08,话费网费,支出,100,CNY,,,话费,,,,,null,
qj163040715114412127,2021/8/31 18:52,外卖,支出,16,CNY,,,烤肉饭?沙拉,,,,,null,
qj163032233278917987,2021/8/30 19:18,水果,支出,5.5,CNY,,,香蕉,,,,,null,
qj163032067343514142,2021/8/30 18:50,外卖,支出,13,CNY,,,煲仔饭,,,,,null,
qj163023748519015767,2021/8/29 19:44,晚餐,支出,10,CNY,,,榨菜肉丝河粉,,,,,null,
qj163023747268413395,2021/8/29 19:44,理发,支出,40,CNY,,,,,,,,null,
qj163016738609418547,2021/8/29 0:16,饮料,支出,18,CNY,,,奶茶,,,,,null,
qj163016736535617785,2021/8/29 0:15,聚会,支出,38,CNY,,,唱歌,,,,,null,
qj163014486414011368,2021/8/28 18:00,自行车,支出,1.5,CNY,,,共享单车,,,,,null,
qj163014054946911689,2021/8/28 16:48,日用品,支出,15,CNY,,,桶装水,,,,,null,
qj163013824788314369,2021/8/28 16:10,外卖,支出,15,CNY,,,火锅鸡,,,,,null,
qj163011661148213730,2021/8/28 10:09,早餐,支出,13,CNY,,,五谷鲜香玉米粉,,,,,null,
qj163006050989713695,2021/8/27 18:34,外卖,支出,15,CNY,,,烧腊,,,,,null,
qj162997663373714496,2021/8/26 19:16,外卖,支出,15,CNY,,,杂粮饭,,,,,null,
qj162993648013615833,2021/8/26 8:07,三餐,支出,100,CNY,,,饭卡,,,,,null,
qj162989438105610988,2021/8/25 20:26,付费会员,支出,3,CNY,,,饿了么,,,,,null,
qj162989436737111155,2021/8/25 20:25,外卖,支出,15,CNY,,,排骨煲仔饭,,,,,null,
qj162986351680716995,2021/8/25 11:51,三餐,支出,12.5,CNY,,,杰饭卡,,,,,null,
qj162981403767510654,2021/8/24 22:06,娱乐,支出,124,CNY,,,赵云皮肤,,,,,null,
qj162981047541416597,2021/8/24 21:07,晚餐,支出,16,CNY,,,黄心白菜炒肉,,,,,null,
qj162977744452611630,2021/8/24 11:57,三餐,支出,100,CNY,,,饭卡高,,,,,null,
qj162976399224911651,2021/8/24 8:12,书籍,支出,47,CNY,,,自然语言处理,,,,,null,
qj162976388717312132,2021/8/24 8:11,日用品,支出,20,CNY,,,走珠,,,,,null,
qj162971808237318186,2021/8/23 19:27,晚餐,支出,10,CNY,,,蛋炒饭,,,,,null,
qj162967702329816495,2021/8/23 8:03,早餐,支出,4,CNY,,,烧麦,,,,,null,
qj162964375046910724,2021/8/22 22:48,聚会,支出,16,CNY,,,划船,,,,,null,
qj162961852173917993,2021/8/22 15:48,外卖,支出,17,CNY,,,鸡排滑蛋饭,,,,,null,
qj162955292176315342,2021/8/21 21:34,水果,支出,19,CNY,,,橙子,,,,,null,
qj162953987070714800,2021/8/21 17:57,外卖,支出,37,CNY,,,龙虾拌饭,,,,,null,
qj162947033783015590,2021/8/20 22:37,三餐,支出,100,CNY,,,小组伙食费,,,,,null,
qj162933262321219369,2021/8/19 8:23,三餐,支出,100,CNY,,,饭卡,,,,,null,
qj162928679898311589,2021/8/18 19:39,晚餐,支出,16,CNY,,,水饺,,,,,null,
qj162919922212913597,2021/8/17 19:20,晚餐,支出,17,CNY,,,青瓜炒肉,,,,,null,
qj162918115555512916,2021/8/17 14:18,付费会员,支出,7,CNY,,,qq音乐,,,,,null,
qj162917226560312513,2021/8/17 11:50,三餐,支出,100,CNY,,,雪谷饭卡,,,,,null,
qj162902093880414170,2021/8/15 17:48,外卖,支出,34,CNY,,,饺子,,,,,null,
qj162899403433519033,2021/8/15 10:20,早餐,支出,13,CNY,,,五谷玉米粉,,,,,null,
qj162894759902713277,2021/8/14 21:26,饮料,支出,26,CNY,,,,,,,,null,
qj162894652037613055,2021/8/14 21:08,自行车,支出,1.5,CNY,,,共享,,,,,null,
qj162894172334518498,2021/8/14 19:48,自行车,支出,1.5,CNY,,,共享,,,,,null,
qj162893457456317734,2021/8/14 17:48,外卖,支出,19,CNY,,,手撕鸡咖喱饭,,,,,null,
qj162891134936810263,2021/8/14 11:22,午餐,支出,8,CNY,,,买菜,,,,,null,
qj162890858737615412,2021/8/14 10:36,自行车,支出,1.5,CNY,,,共享,,,,,null,
qj162890719411512489,2021/8/14 10:13,打车,支出,10,CNY,,,滴滴,,,,,null,
qj162890718399518833,2021/8/14 10:12,水果,支出,9,CNY,,,梨子,,,,,null,
qj162886139292117250,2021/8/13 21:29,聚会,支出,90,CNY,,,烤鱼,,,,,null,
qj162881340547014692,2021/8/13 8:08,购物,支出,77,CNY,,,漱口水,,,,,null,
qj162876980793015266,2021/8/12 20:03,外卖,支出,19,CNY,,,牛排饭,,,,,null,
qj162876979683014627,2021/8/12 20:03,理发,支出,35,CNY,,,,,,,,null,
qj162851725171011167,2021/8/9 21:53,水电煤,支出,125.25,CNY,,,,,,,,null,
qj162846861801419356,2021/8/9 8:23,话费网费,支出,20,CNY,,,网费,,,,,null,
qj162843205371910891,2021/8/8 22:14,外卖,支出,17,CNY,,,汉堡炸鸡,,,,,null,
qj162841064338915326,2021/8/8 16:17,晚餐,支出,14,CNY,,,饭团,,,,,null,
qj162840636289515041,2021/8/8 15:05,三餐,支出,15,CNY,,,桶装水,,,,,null,
qj162838651100919090,2021/8/8 9:34,早餐,支出,16,CNY,,,五谷肉沫粉,,,,,null,
qj162830348750818073,2021/8/7 10:31,早餐,支出,7,CNY,,,酸菜饼，酱香饼,,,,,null,
qj162825558879411091,2021/8/6 21:12,聚会,支出,30,CNY,,,组长见面会,,,,,null,
qj162824929879816922,2021/8/6 19:28,晚餐,支出,16,CNY,,,五谷五花肉粉,,,,,null,
qj162813570758518556,2021/8/5 11:54,付费会员,支出,15,CNY,,,腾讯视频,,,,,null,
qj162803591393312207,2021/8/4 8:11,三餐,支出,49,CNY,,,话费,,,,,null,
qj162799505752515498,2021/8/3 20:50,零食,支出,11,CNY,,,口香糖,,,,,null,
qj162799292051915171,2021/8/3 20:15,外卖,支出,15,CNY,,,咖喱饭,,,,,null,
qj162783347107912473,2021/8/1 23:57,晚餐,支出,27,CNY,,,益禾糖水店,,,,,null,
qj162781146871111416,2021/8/1 17:50,午餐,支出,11,CNY,,,虾粥,,,,,null,
qj162778769483713993,2021/8/1 11:14,早餐,支出,7,CNY,,,酱香饼，酸菜饼,,,,,null,
qj162772543346719787,2021/7/31 17:56,外卖,支出,22,CNY,,,卤肉鸡排饭,,,,,null,
qj162769839418710067,2021/7/31 10:26,水果,支出,10,CNY,,,火龙果,,,,,null,
qj162769838573012236,2021/7/31 10:26,日用品,支出,2.5,CNY,,,筷子,,,,,null,
qj162769837829315308,2021/7/31 10:26,日用品,支出,20,CNY,,,纸巾,,,,,null,
qj162766611857113804,2021/7/31 1:27,书籍,支出,70,CNY,,,反爬虫原理与绕过实战,,,,,null,
qj162765816387912003,2021/7/30 23:15,饮料,支出,28,CNY,,,,,,,,null,
qj162751894299615352,2021/7/29 8:34,三餐,支出,100,CNY,,,雪古饭卡,,,,,null,
qj162751870745011046,2021/7/29 8:31,三餐,支出,50,CNY,,,饭卡,,,,,null,
qj162739196810812624,2021/7/27 21:18,晚餐,支出,13,CNY,,,土豆丝盖饭,,,,,null,
qj162738041363516312,2021/7/27 18:06,外卖,支出,12,CNY,,,香菇滑鸡荷叶饭,,,,,null,
qj162737770251513327,2021/7/27 17:21,三餐,支出,50,CNY,,,饭卡,,,,,null,
qj162725726402115542,2021/7/26 7:54,早餐,支出,4,CNY,,,烧麦,,,,,null,
qj162720950053017901,2021/7/25 18:38,日用品,支出,15,CNY,,,桶装水,,,,,null,
qj162720348249117427,2021/7/25 16:57,外卖,支出,9,CNY,,,滑蛋饭,,,,,null,
qj162712601643114840,2021/7/24 19:26,外卖,支出,14,CNY,,,芝士南瓜肌肉饭,,,,,null,
qj162712375135712305,2021/7/24 18:47,书籍,支出,55,CNY,,,sas编程,,,,,null,
qj162709734258110768,2021/7/24 11:28,聚会,支出,53,CNY,,,,,,,,null,
qj162703945775410147,2021/7/23 19:23,零食,支出,10,CNY,,,薯片,,,,,null,
qj162703841041114782,2021/7/23 19:06,水果,支出,7.4,CNY,,,布林，李子,,,,,null,
qj162703695884717524,2021/7/23 18:42,外卖,支出,13,CNY,,,烤肉饭,,,,,null,
qj162701051309417573,2021/7/23 11:21,三餐,支出,100,CNY,,,黎航饭卡,,,,,null,
qj162700965409212544,2021/7/23 11:07,三餐,支出,100,CNY,,,高扬饭卡,,,,,null,
qj162700327178010897,2021/7/23 9:20,三餐,支出,100,CNY,,,雪谷饭卡,,,,,null,
qj162692829402512561,2021/7/22 12:31,午餐,支出,13,CNY,,,重庆小面,,,,,null,
qj162685463432710043,2021/7/21 16:03,午餐,支出,12,CNY,,,食堂,,,,,null,
qj162684202096310214,2021/7/21 12:33,三餐,支出,100,CNY,,,饭卡,,,,,null,
qj162678787575710530,2021/7/20 21:30,晚餐,支出,12,CNY,,,食堂,,,,,null,
qj162678784696911373,2021/7/20 21:30,午餐,支出,18,CNY,,,铁板,,,,,null,
qj162673934943610095,2021/7/20 8:02,早餐,支出,4,CNY,,,烧麦,,,,,null,
qj162669054586810211,2021/7/19 18:28,外卖,支出,17,CNY,,,叉烧拉面,,,,,null,
qj162661675696611367,2021/7/18 21:58,请客送礼,支出,50,CNY,,,请陶昆吃饭，游千灯湖公园,,,,,null,
qj162651440465915362,2021/7/17 17:32,外卖,支出,14,CNY,,,咖喱鸡排饭,,,,,null,
qj162651335236319442,2021/7/17 17:15,理发,支出,48,CNY,,,,,,,,null,
qj162651331121817073,2021/7/17 17:15,三餐,支出,48,CNY,,,,,,,,null,
qj162649032699811024,2021/7/17 10:51,日用品,支出,4,CNY,,,棉签,,,,,null,
qj162649031359419636,2021/7/17 10:51,日用品,支出,8,CNY,,,牙刷,,,,,null,
qj162648886948118151,2021/7/17 10:27,水果,支出,3,CNY,,,甜桃,,,,,null,
qj162648885044117704,2021/7/17 10:27,水果,支出,12,CNY,,,橙子,,,,,null,
qj162635524985815093,2021/7/15 21:20,日用品,支出,14,CNY,,,牙膏,,,,,null,
qj162635523143512901,2021/7/15 21:20,聚会,支出,85,CNY,,,苑仪生日请吃饭,,,,,null,
qj162618208234911977,2021/7/13 21:14,日用品,支出,15,CNY,,,桶装水,,,,,null,
qj162618207073616909,2021/7/13 21:14,午餐,支出,7,CNY,,,食堂,,,,,null,
qj162617510990413511,2021/7/13 19:18,晚餐,支出,17,CNY,,,卤味,,,,,null,
qj162609668659214628,2021/7/12 21:30,购物,支出,9,CNY,,,米,,,,,null,
qj162607191671315531,2021/7/12 14:38,饮料,支出,15,CNY,,,奶茶,,,,,null,
qj162599612347718709,2021/7/11 17:34,付费会员,支出,6,CNY,,,饿了么,,,,,null,
qj162599605247215515,2021/7/11 17:34,外卖,支出,15,CNY,,,饺子,,,,,null,
qj162598046247719263,2021/7/11 13:11,旅行,支出,17,CNY,,,入职资料,,,,,null,
qj162598030244314933,2021/7/11 13:11,早餐,支出,1.5,CNY,,,包子,,,,,null,
qj162593946651810036,2021/7/11 1:49,聚会,支出,150,CNY,,,跟第二批聚会,,,,,null,
qj162593926696113130,2021/7/11 1:47,交通,支出,9,CNY,,,滴滴，宿舍去万达,,,,,null,
qj162583864344117635,2021/7/9 21:48,水果,支出,12,CNY,,,山竹,,,,,null,
qj162583861880814796,2021/7/9 21:48,水果,支出,3.5,CNY,,,芒果,,,,,null,
qj162583112885314656,2021/7/9 19:45,外卖,支出,17,CNY,,,鸡腿饭,,,,,null,
qj162576005148011903,2021/7/9 0:00,晚餐,支出,35,CNY,,,宜家,,,,,null,
qj162567060456916653,2021/7/7 23:09,话费网费,支出,20,CNY,,,宽带,,,,,null,
qj162565928868515672,2021/7/7 20:01,水电煤,支出,76,CNY,,,,,,,,null,
qj162540577237217562,2021/7/4 21:35,晚餐,支出,55,CNY,,,烤鱼,,,,,null,
qj162540575269718172,2021/7/4 21:35,日用品,支出,15,CNY,,,洗发露，沐浴露,,,,,null,
qj162539336529315616,2021/7/4 18:08,零食,支出,118,CNY,,,牛板筋，牛奶,,,,,null,
qj162539183632218183,2021/7/4 17:42,购物,支出,33,CNY,,,老干妈辣椒,,,,,null,
qj162531223107716067,2021/7/3 19:36,晚餐,支出,34,CNY,,,做饭,,,,,null,
qj162528762241011288,2021/7/3 12:46,日用品,支出,15,CNY,,,桶装水,,,,,null,
qj162528747527116381,2021/7/3 12:43,外卖,支出,13,CNY,,,晚，韩式孜然肉丝拌饭,,,,,null,
qj162528739343715101,2021/7/3 12:42,早餐,支出,4.5,CNY,,,包子，春卷,,,,,null,
qj162528735965417093,2021/7/3 12:41,请客送礼,支出,134,CNY,,,请沛，姚吃饭,,,,,null,
qj162528726615117469,2021/7/3 12:40,饮料,支出,53,CNY,,,奶茶,,,,,null,
qj162528718124915618,2021/7/3 12:38,地铁,支出,6,CNY,,,去找沛,,,,,null,
qj162510054169318425,2021/7/1 8:48,早餐,支出,3,CNY,,,酱香饼,,,,,null,
qj162510052015012131,2021/7/1 8:48,话费网费,支出,100,CNY,,,话费,,,,,null,
